DEBUG 2026-09-06 03:16:22 d_metavar.py:22 Metavar for type None: None
DEBUG 2026-09-06 03:16:22 formatter.py:52 action type: None, Result: , nargs: 0, default metavar: None
DEBUG 2026-09-06 03:16:22 d_metavar.py:22 Metavar for type <class 'str'>: str
DEBUG 2026-09-06 03:16:22 formatter.py:52 action type: <class 'str'>, Result: str, nargs: None, default metavar: None
DEBUG 2026-09-06 03:16:22 _wrapper.py:168 wrapped field at actions_per_chunk has a default value of None
DEBUG 2026-09-06 03:16:22 _wrapper.py:168 wrapped field at backend has a default value of grpc
DEBUG 2026-09-06 03:16:22 _wrapper.py:168 wrapped field at policy_type has a default value of act
DEBUG 2026-09-06 03:16:22 _wrapper.py:168 wrapped field at pretrained_name_or_path has a default value of dummy
DEBUG 2026-09-06 03:16:22 _wrapper.py:168 wrapped field at task has a default value of 
DEBUG 2026-09-06 03:16:22 _wrapper.py:168 wrapped field at server_address has a default value of localhost:8080
DEBUG 2026-09-06 03:16:22 _wrapper.py:168 wrapped field at policy_device has a default value of cpu
DEBUG 2026-09-06 03:16:22 _wrapper.py:168 wrapped field at client_device has a default value of cpu
DEBUG 2026-09-06 03:16:22 _wrapper.py:168 wrapped field at chunk_size_threshold has a default value of 0.5
DEBUG 2026-09-06 03:16:22 _wrapper.py:168 wrapped field at fps has a default value of 30
DEBUG 2026-09-06 03:16:22 _wrapper.py:168 wrapped field at image_resize_scale has a default value of 1.0
DEBUG 2026-09-06 03:16:22 _wrapper.py:168 wrapped field at jpeg_compression has a default value of False
DEBUG 2026-09-06 03:16:22 _wrapper.py:168 wrapped field at save_camera_images has a default value of False
DEBUG 2026-09-06 03:16:22 _wrapper.py:168 wrapped field at camera_image_log_dir has a default value of logs/camera_capture
DEBUG 2026-09-06 03:16:22 _wrapper.py:168 wrapped field at camera_image_save_every_n has a default value of 1
DEBUG 2026-09-06 03:16:22 _wrapper.py:201 wrapped field at image_crop_params has a default value of {}
DEBUG 2026-09-06 03:16:22 _wrapper.py:168 wrapped field at zmq_timeout_ms has a default value of 10000
DEBUG 2026-09-06 03:16:22 _wrapper.py:168 wrapped field at front_camera_key has a default value of front
DEBUG 2026-09-06 03:16:22 _wrapper.py:168 wrapped field at right_wrist_camera_key has a default value of right
DEBUG 2026-09-06 03:16:22 _wrapper.py:168 wrapped field at left_wrist_camera_key has a default value of left
DEBUG 2026-09-06 03:16:22 _wrapper.py:168 wrapped field at aggregate_fn_name has a default value of weighted_average
DEBUG 2026-09-06 03:16:22 _wrapper.py:168 wrapped field at trajectory_postprocess.enabled has a default value of False
DEBUG 2026-09-06 03:16:22 _wrapper.py:168 wrapped field at trajectory_postprocess.limits_source has a default value of active_urdf
DEBUG 2026-09-06 03:16:22 _wrapper.py:201 wrapped field at trajectory_postprocess.control_rate_hz has a default value of 500.0
DEBUG 2026-09-06 03:16:22 _wrapper.py:168 wrapped field at trajectory_postprocess.profile has a default value of balanced
DEBUG 2026-09-06 03:16:22 _wrapper.py:201 wrapped field at trajectory_postprocess.active_model has a default value of None
DEBUG 2026-09-06 03:16:22 _wrapper.py:201 wrapped field at trajectory_postprocess.urdf_version has a default value of None
DEBUG 2026-09-06 03:16:22 _wrapper.py:168 wrapped field at trajectory_postprocess.sdk_models_dir has a default value of /home/nvidia/rby1-sdk/models
DEBUG 2026-09-06 03:16:22 _wrapper.py:168 wrapped field at trajectory_postprocess.interpolation has a default value of jerk_limited
DEBUG 2026-09-06 03:16:22 _wrapper.py:201 wrapped field at trajectory_postprocess.arms.position_limits has a default value of {}
DEBUG 2026-09-06 03:16:22 _wrapper.py:201 wrapped field at trajectory_postprocess.arms.velocity_limits has a default value of {}
DEBUG 2026-09-06 03:16:22 _wrapper.py:201 wrapped field at trajectory_postprocess.arms.acceleration_limits has a default value of {}
DEBUG 2026-09-06 03:16:22 _wrapper.py:201 wrapped field at trajectory_postprocess.arms.jerk_limits has a default value of {}
DEBUG 2026-09-06 03:16:22 _wrapper.py:168 wrapped field at trajectory_postprocess.grippers.mode has a default value of passthrough
DEBUG 2026-09-06 03:16:22 _wrapper.py:201 wrapped field at trajectory_postprocess.grippers.rate_limits has a default value of {}
DEBUG 2026-09-06 03:16:22 _wrapper.py:168 wrapped field at debug_visualize_queue_size has a default value of False
DEBUG 2026-09-06 03:16:22 _wrapper.py:168 wrapped field at rtc_enabled has a default value of False
DEBUG 2026-09-06 03:16:22 _wrapper.py:168 wrapped field at rtc_mode has a default value of guided
DEBUG 2026-09-06 03:16:22 _wrapper.py:168 wrapped field at rtc_execution_horizon has a default value of 10
DEBUG 2026-09-06 03:16:22 _wrapper.py:168 wrapped field at rtc_max_guidance_weight has a default value of 10.0
DEBUG 2026-09-06 03:16:22 _wrapper.py:168 wrapped field at rtc_prefix_attention_schedule has a default value of EXP
DEBUG 2026-09-06 03:16:22 d_metavar.py:22 Metavar for type <class 'str'>: str
DEBUG 2026-09-06 03:16:22 formatter.py:52 action type: <class 'str'>, Result: str, nargs: None, default metavar: None
DEBUG 2026-09-06 03:16:22 _wrapper.py:168 wrapped field at robot.port has a default value of None
DEBUG 2026-09-06 03:16:22 _wrapper.py:168 wrapped field at robot.disable_torque_on_disconnect has a default value of True
DEBUG 2026-09-06 03:16:22 _wrapper.py:201 wrapped field at robot.max_relative_target has a default value of None
DEBUG 2026-09-06 03:16:22 _wrapper.py:201 wrapped field at robot.cameras has a default value of {}
DEBUG 2026-09-06 03:16:22 _wrapper.py:168 wrapped field at robot.use_degrees has a default value of True
DEBUG 2026-09-06 03:16:22 _wrapper.py:201 wrapped field at robot.id has a default value of None
DEBUG 2026-09-06 03:16:22 _wrapper.py:201 wrapped field at robot.calibration_dir has a default value of None
DEBUG 2026-09-06 03:16:22 _wrapper.py:168 wrapped field at robot.port has a default value of None
DEBUG 2026-09-06 03:16:22 _wrapper.py:168 wrapped field at robot.disable_torque_on_disconnect has a default value of True
DEBUG 2026-09-06 03:16:22 _wrapper.py:201 wrapped field at robot.max_relative_target has a default value of None
DEBUG 2026-09-06 03:16:22 _wrapper.py:201 wrapped field at robot.cameras has a default value of {}
DEBUG 2026-09-06 03:16:22 _wrapper.py:168 wrapped field at robot.use_degrees has a default value of True
DEBUG 2026-09-06 03:16:22 _wrapper.py:201 wrapped field at robot.id has a default value of None
DEBUG 2026-09-06 03:16:22 _wrapper.py:201 wrapped field at robot.calibration_dir has a default value of None
DEBUG 2026-09-06 03:16:22 _wrapper.py:201 wrapped field at robot.id has a default value of None
DEBUG 2026-09-06 03:16:22 _wrapper.py:201 wrapped field at robot.calibration_dir has a default value of None
DEBUG 2026-09-06 03:16:22 _wrapper.py:168 wrapped field at robot.left_arm_config.port has a default value of None
DEBUG 2026-09-06 03:16:22 _wrapper.py:168 wrapped field at robot.left_arm_config.disable_torque_on_disconnect has a default value of True
DEBUG 2026-09-06 03:16:22 _wrapper.py:201 wrapped field at robot.left_arm_config.max_relative_target has a default value of None
DEBUG 2026-09-06 03:16:22 _wrapper.py:201 wrapped field at robot.left_arm_config.cameras has a default value of {}
DEBUG 2026-09-06 03:16:22 _wrapper.py:168 wrapped field at robot.left_arm_config.use_degrees has a default value of True
DEBUG 2026-09-06 03:16:22 _wrapper.py:168 wrapped field at robot.right_arm_config.port has a default value of None
DEBUG 2026-09-06 03:16:22 _wrapper.py:168 wrapped field at robot.right_arm_config.disable_torque_on_disconnect has a default value of True
DEBUG 2026-09-06 03:16:22 _wrapper.py:201 wrapped field at robot.right_arm_config.max_relative_target has a default value of None
DEBUG 2026-09-06 03:16:22 _wrapper.py:201 wrapped field at robot.right_arm_config.cameras has a default value of {}
DEBUG 2026-09-06 03:16:22 _wrapper.py:168 wrapped field at robot.right_arm_config.use_degrees has a default value of True
DEBUG 2026-09-06 03:16:22 _wrapper.py:201 wrapped field at robot.cameras has a default value of {}
DEBUG 2026-09-06 03:16:22 _wrapper.py:201 wrapped field at robot.id has a default value of None
DEBUG 2026-09-06 03:16:22 _wrapper.py:201 wrapped field at robot.calibration_dir has a default value of None
DEBUG 2026-09-06 03:16:22 _wrapper.py:168 wrapped field at robot.port has a default value of None
DEBUG 2026-09-06 03:16:22 _wrapper.py:168 wrapped field at robot.disable_torque_on_disconnect has a default value of True
DEBUG 2026-09-06 03:16:22 _wrapper.py:201 wrapped field at robot.max_relative_target has a default value of None
DEBUG 2026-09-06 03:16:22 _wrapper.py:201 wrapped field at robot.cameras has a default value of {}
DEBUG 2026-09-06 03:16:22 _wrapper.py:168 wrapped field at robot.use_degrees has a default value of False
DEBUG 2026-09-06 03:16:22 _wrapper.py:201 wrapped field at robot.id has a default value of None
DEBUG 2026-09-06 03:16:22 _wrapper.py:201 wrapped field at robot.calibration_dir has a default value of None
DEBUG 2026-09-06 03:16:22 _wrapper.py:168 wrapped field at robot.port has a default value of None
DEBUG 2026-09-06 03:16:22 _wrapper.py:168 wrapped field at robot.disable_torque_on_disconnect has a default value of True
DEBUG 2026-09-06 03:16:22 _wrapper.py:201 wrapped field at robot.max_relative_target has a default value of None
DEBUG 2026-09-06 03:16:22 _wrapper.py:201 wrapped field at robot.cameras has a default value of {}
DEBUG 2026-09-06 03:16:22 _wrapper.py:168 wrapped field at robot.use_degrees has a default value of False
DEBUG 2026-09-06 03:16:22 _wrapper.py:201 wrapped field at robot.id has a default value of None
DEBUG 2026-09-06 03:16:22 _wrapper.py:201 wrapped field at robot.calibration_dir has a default value of None
DEBUG 2026-09-06 03:16:22 _wrapper.py:168 wrapped field at robot.address has a default value of 192.168.30.1:50051
DEBUG 2026-09-06 03:16:22 _wrapper.py:168 wrapped field at robot.model has a default value of auto
DEBUG 2026-09-06 03:16:22 _wrapper.py:168 wrapped field at robot.version has a default value of auto
DEBUG 2026-09-06 03:16:22 _wrapper.py:168 wrapped field at robot.connect_timeout_sec has a default value of 3.0
DEBUG 2026-09-06 03:16:22 _wrapper.py:168 wrapped field at robot.use_velocity has a default value of False
DEBUG 2026-09-06 03:16:22 _wrapper.py:168 wrapped field at robot.use_torque has a default value of False
DEBUG 2026-09-06 03:16:22 _wrapper.py:168 wrapped field at robot.use_gripper has a default value of True
DEBUG 2026-09-06 03:16:22 _wrapper.py:201 wrapped field at robot.cameras has a default value of {}
DEBUG 2026-09-06 03:16:22 _wrapper.py:168 wrapped field at robot.use_torso has a default value of False
DEBUG 2026-09-06 03:16:22 _wrapper.py:168 wrapped field at robot.use_right_arm has a default value of True
DEBUG 2026-09-06 03:16:22 _wrapper.py:168 wrapped field at robot.use_left_arm has a default value of True
DEBUG 2026-09-06 03:16:22 _wrapper.py:168 wrapped field at robot.action_mode has a default value of joint
DEBUG 2026-09-06 03:16:22 _wrapper.py:168 wrapped field at robot.use_mobile_base has a default value of False
DEBUG 2026-09-06 03:16:22 _wrapper.py:168 wrapped field at robot.reset_right_arm_on_record has a default value of False
DEBUG 2026-09-06 03:16:22 _wrapper.py:168 wrapped field at robot.reset_left_arm_on_record has a default value of False
DEBUG 2026-09-06 03:16:22 _wrapper.py:168 wrapped field at robot.use_impedance has a default value of False
DEBUG 2026-09-06 03:16:22 _wrapper.py:201 wrapped field at robot.impedance_stiffness has a default value of [400.0, 400.0, 400.0, 400.0, 400.0, 400.0, 150.0, 150.0, 150.0, 150.0, 150.0, 150.0, 150.0, 150.0, 150.0, 150.0, 150.0, 150.0, 150.0, 150.0]
DEBUG 2026-09-06 03:16:22 _wrapper.py:201 wrapped field at robot.impedance_torque_limit has a default value of [500.0, 500.0, 500.0, 500.0, 500.0, 500.0, 40.0, 40.0, 40.0, 40.0, 40.0, 40.0, 40.0, 40.0, 40.0, 40.0, 40.0, 40.0, 40.0, 40.0]
DEBUG 2026-09-06 03:16:22 _wrapper.py:168 wrapped field at robot.impedance_damping_ratio has a default value of 0.7
DEBUG 2026-09-06 03:16:22 _wrapper.py:168 wrapped field at robot.wrist_velocity_limit_scale has a default value of 10.0
DEBUG 2026-09-06 03:16:22 _wrapper.py:168 wrapped field at robot.acceleration_limit_scale has a default value of 30.0
DEBUG 2026-09-06 03:16:22 _wrapper.py:168 wrapped field at robot.move_to_ready_on_connect has a default value of True
DEBUG 2026-09-06 03:16:22 _wrapper.py:168 wrapped field at robot.startup_ramp_duration has a default value of 5.0
DEBUG 2026-09-06 03:16:22 _wrapper.py:168 wrapped field at robot.startup_min_time has a default value of 5.0
DEBUG 2026-09-06 03:16:22 _wrapper.py:168 wrapped field at robot.normal_min_time has a default value of 0.07
DEBUG 2026-09-06 03:16:22 _wrapper.py:168 wrapped field at robot.ee_whole_body has a default value of False
DEBUG 2026-09-06 03:16:22 _wrapper.py:168 wrapped field at robot.ee_dt has a default value of 0.06666666666666667
DEBUG 2026-09-06 03:16:22 _wrapper.py:168 wrapped field at robot.min_time_factor_wb has a default value of 1.01
DEBUG 2026-09-06 03:16:22 _wrapper.py:168 wrapped field at robot.min_time_factor_pc has a default value of 1.02
DEBUG 2026-09-06 03:16:22 _wrapper.py:168 wrapped field at robot.ee_hold_time has a default value of 30.0
DEBUG 2026-09-06 03:16:22 _wrapper.py:168 wrapped field at robot.ee_reset_position_threshold has a default value of 0.1
DEBUG 2026-09-06 03:16:22 _wrapper.py:168 wrapped field at robot.ee_reset_rotation_threshold has a default value of 0.5
DEBUG 2026-09-06 03:16:22 _wrapper.py:201 wrapped field at robot.wb_joint_stiffness has a default value of [400.0, 400.0, 400.0, 400.0, 400.0, 400.0, 60.0, 60.0, 60.0, 60.0, 60.0, 60.0, 60.0, 60.0, 60.0, 60.0, 60.0, 60.0, 60.0, 60.0]
DEBUG 2026-09-06 03:16:22 _wrapper.py:201 wrapped field at robot.wb_joint_torque_limit has a default value of [500.0, 500.0, 500.0, 500.0, 500.0, 500.0, 30.0, 30.0, 30.0, 30.0, 30.0, 30.0, 30.0, 30.0, 30.0, 30.0, 30.0, 30.0, 30.0, 30.0]
DEBUG 2026-09-06 03:16:22 _wrapper.py:201 wrapped field at robot.wb_joint_limits has a default value of {'right_arm_3': (-2.6, -0.5), 'right_arm_5': (0.2, 1.9), 'left_arm_3': (-2.6, -0.5), 'left_arm_5': (0.2, 1.9), 'torso_1': (-0.523598776, 1.3), 'torso_2': (-2.617993878, -0.2)}
DEBUG 2026-09-06 03:16:22 _wrapper.py:201 wrapped field at robot.torso_stiffness has a default value of [1700.0, 1700.0, 1700.0, 1700.0, 1700.0, 1700.0]
DEBUG 2026-09-06 03:16:22 _wrapper.py:201 wrapped field at robot.torso_torque_limit has a default value of [600.0, 600.0, 600.0, 600.0, 600.0, 600.0]
DEBUG 2026-09-06 03:16:22 _wrapper.py:168 wrapped field at robot.torso_damping_ratio has a default value of 0.7
DEBUG 2026-09-06 03:16:22 _wrapper.py:201 wrapped field at robot.torso_joint_limits has a default value of {'torso_1': (-0.523598776, 1.6), 'torso_2': (-2.617993878, -0.2)}
DEBUG 2026-09-06 03:16:22 _wrapper.py:201 wrapped field at robot.right_arm_stiffness has a default value of [90.0, 90.0, 90.0, 70.0, 70.0, 70.0, 70.0]
DEBUG 2026-09-06 03:16:22 _wrapper.py:201 wrapped field at robot.right_arm_torque_limit has a default value of [40.0, 40.0, 40.0, 30.0, 30.0, 30.0, 30.0]
DEBUG 2026-09-06 03:16:22 _wrapper.py:168 wrapped field at robot.right_arm_damping_ratio has a default value of 0.6
DEBUG 2026-09-06 03:16:22 _wrapper.py:201 wrapped field at robot.right_arm_joint_limits has a default value of {'right_arm_3': (-2.6, -0.5)}
DEBUG 2026-09-06 03:16:22 _wrapper.py:201 wrapped field at robot.left_arm_stiffness has a default value of [60.0, 60.0, 60.0, 50.0, 50.0, 50.0, 50.0]
DEBUG 2026-09-06 03:16:22 _wrapper.py:201 wrapped field at robot.left_arm_torque_limit has a default value of [40.0, 40.0, 40.0, 30.0, 30.0, 30.0, 30.0]
DEBUG 2026-09-06 03:16:22 _wrapper.py:168 wrapped field at robot.left_arm_damping_ratio has a default value of 0.4
DEBUG 2026-09-06 03:16:22 _wrapper.py:201 wrapped field at robot.left_arm_joint_limits has a default value of {'left_arm_3': (-2.6, -0.5)}
DEBUG 2026-09-06 03:16:22 _wrapper.py:201 wrapped field at robot.torso_target_gains_wb has a default value of (1.0, 1.5707963267948966, 10.0, 62.83185307179586)
DEBUG 2026-09-06 03:16:22 _wrapper.py:201 wrapped field at robot.torso_target_gains_pc has a default value of (1.0, 1.5707963267948966, 20.0, 125.66370614359172)
DEBUG 2026-09-06 03:16:22 _wrapper.py:201 wrapped field at robot.arm_target_gains_wb has a default value of (2.0, 6.283185307179586, 20.0, 251.32741228718345)
DEBUG 2026-09-06 03:16:22 _wrapper.py:201 wrapped field at robot.arm_target_gains_pc has a default value of (3.0, 6.283185307179586, 150.0, 251.32741228718345)
DEBUG 2026-09-06 03:16:22 _wrapper.py:201 wrapped field at robot.null_right_arm_deg has a default value of [40.0, -30.0, -5.0, -135.0, -10.0, 20.0, 40.0]
DEBUG 2026-09-06 03:16:22 _wrapper.py:201 wrapped field at robot.null_left_arm_deg has a default value of [40.0, 30.0, -5.0, -135.0, 10.0, 20.0, -40.0]
DEBUG 2026-09-06 03:16:22 _wrapper.py:201 wrapped field at robot.nullspace_weight has a default value of [2.0, 2.0, 2.0, 2.0, 2.0, 2.0, 1.0]
DEBUG 2026-09-06 03:16:22 _wrapper.py:168 wrapped field at robot.nullspace_stiffness has a default value of 0.2
DEBUG 2026-09-06 03:16:22 _wrapper.py:168 wrapped field at robot.nullspace_damping_ratio has a default value of 0.3
DEBUG 2026-09-06 03:16:22 docstring.py:65 Couldn't find the attribute docstring: could not find class definition
DEBUG 2026-09-06 03:16:22 _wrapper.py:309 Arg options for field 'port': {'required': False, 'dest': 'robot.port', 'default': None, 'type': <class 'str'>}
DEBUG 2026-09-06 03:16:22 docstring.py:65 Couldn't find the attribute docstring: could not find class definition
DEBUG 2026-09-06 03:16:22 _wrapper.py:309 Arg options for field 'disable_torque_on_disconnect': {'required': False, 'dest': 'robot.disable_torque_on_disconnect', 'default': True, 'help': ' ', 'type': <class 'bool'>}
DEBUG 2026-09-06 03:16:22 docstring.py:65 Couldn't find the attribute docstring: could not find class definition
DEBUG 2026-09-06 03:16:22 _wrapper.py:309 Arg options for field 'max_relative_target': {'required': False, 'dest': 'robot.max_relative_target', 'default': None, 'type': typing.Union[float, typing.Dict[str, float], NoneType]}
DEBUG 2026-09-06 03:16:23 docstring.py:65 Couldn't find the attribute docstring: could not find class definition
DEBUG 2026-09-06 03:16:23 _wrapper.py:309 Arg options for field 'cameras': {'required': False, 'dest': 'robot.cameras', 'default': {}, 'help': ' ', 'type': typing.Dict[str, lerobot.cameras.configs.CameraConfig]}
DEBUG 2026-09-06 03:16:23 docstring.py:65 Couldn't find the attribute docstring: could not find class definition
DEBUG 2026-09-06 03:16:23 _wrapper.py:309 Arg options for field 'use_degrees': {'required': False, 'dest': 'robot.use_degrees', 'default': True, 'help': ' ', 'type': <class 'bool'>}
DEBUG 2026-09-06 03:16:23 _wrapper.py:309 Arg options for field 'id': {'required': False, 'dest': 'robot.id', 'default': None, 'help': 'Allows to distinguish between different robots of the same type', 'type': typing.Optional[str]}
DEBUG 2026-09-06 03:16:23 _wrapper.py:309 Arg options for field 'calibration_dir': {'required': False, 'dest': 'robot.calibration_dir', 'default': None, 'help': 'Directory to store calibration file', 'type': typing.Optional[pathlib.Path]}
DEBUG 2026-09-06 03:16:23 docstring.py:65 Couldn't find the attribute docstring: could not find class definition
DEBUG 2026-09-06 03:16:23 _wrapper.py:309 Arg options for field 'port': {'required': False, 'dest': 'robot.port', 'default': None, 'type': <class 'str'>}
DEBUG 2026-09-06 03:16:23 docstring.py:65 Couldn't find the attribute docstring: could not find class definition
DEBUG 2026-09-06 03:16:23 _wrapper.py:309 Arg options for field 'disable_torque_on_disconnect': {'required': False, 'dest': 'robot.disable_torque_on_disconnect', 'default': True, 'help': ' ', 'type': <class 'bool'>}
DEBUG 2026-09-06 03:16:23 docstring.py:65 Couldn't find the attribute docstring: could not find class definition
DEBUG 2026-09-06 03:16:23 _wrapper.py:309 Arg options for field 'max_relative_target': {'required': False, 'dest': 'robot.max_relative_target', 'default': None, 'type': typing.Union[float, typing.Dict[str, float], NoneType]}
DEBUG 2026-09-06 03:16:23 docstring.py:65 Couldn't find the attribute docstring: could not find class definition
DEBUG 2026-09-06 03:16:23 _wrapper.py:309 Arg options for field 'cameras': {'required': False, 'dest': 'robot.cameras', 'default': {}, 'help': ' ', 'type': typing.Dict[str, lerobot.cameras.configs.CameraConfig]}
DEBUG 2026-09-06 03:16:23 docstring.py:65 Couldn't find the attribute docstring: could not find class definition
DEBUG 2026-09-06 03:16:23 _wrapper.py:309 Arg options for field 'use_degrees': {'required': False, 'dest': 'robot.use_degrees', 'default': True, 'help': ' ', 'type': <class 'bool'>}
DEBUG 2026-09-06 03:16:23 _wrapper.py:309 Arg options for field 'id': {'required': False, 'dest': 'robot.id', 'default': None, 'help': 'Allows to distinguish between different robots of the same type', 'type': typing.Optional[str]}
DEBUG 2026-09-06 03:16:23 _wrapper.py:309 Arg options for field 'calibration_dir': {'required': False, 'dest': 'robot.calibration_dir', 'default': None, 'help': 'Directory to store calibration file', 'type': typing.Optional[pathlib.Path]}
DEBUG 2026-09-06 03:16:23 _wrapper.py:309 Arg options for field 'id': {'required': False, 'dest': 'robot.id', 'default': None, 'help': 'Allows to distinguish between different robots of the same type', 'type': typing.Optional[str]}
DEBUG 2026-09-06 03:16:23 _wrapper.py:309 Arg options for field 'calibration_dir': {'required': False, 'dest': 'robot.calibration_dir', 'default': None, 'help': 'Directory to store calibration file', 'type': typing.Optional[pathlib.Path]}
DEBUG 2026-09-06 03:16:23 d_metavar.py:22 Metavar for type <class 'str'>: str
DEBUG 2026-09-06 03:16:23 formatter.py:52 action type: <class 'str'>, Result: str, nargs: None, default metavar: None
DEBUG 2026-09-06 03:16:23 _wrapper.py:309 Arg options for field 'port': {'required': False, 'dest': 'robot.left_arm_config.port', 'default': None, 'help': 'Port to connect to the arm', 'type': <class 'str'>}
DEBUG 2026-09-06 03:16:23 _wrapper.py:309 Arg options for field 'disable_torque_on_disconnect': {'required': False, 'dest': 'robot.left_arm_config.disable_torque_on_disconnect', 'default': True, 'help': ' ', 'type': <class 'bool'>}
DEBUG 2026-09-06 03:16:23 _wrapper.py:309 Arg options for field 'max_relative_target': {'required': False, 'dest': 'robot.left_arm_config.max_relative_target', 'default': None, 'help': '`max_relative_target` limits the magnitude of the relative positional target vector for safety purposes.\nSet this to a positive scalar to have the same value for all motors, or a dictionary that maps motor\nnames to the max_relative_target value for that motor.', 'type': typing.Union[float, typing.Dict[str, float], NoneType]}
DEBUG 2026-09-06 03:16:23 _wrapper.py:309 Arg options for field 'cameras': {'required': False, 'dest': 'robot.left_arm_config.cameras', 'default': {}, 'help': 'cameras', 'type': typing.Dict[str, lerobot.cameras.configs.CameraConfig]}
DEBUG 2026-09-06 03:16:23 _wrapper.py:309 Arg options for field 'use_degrees': {'required': False, 'dest': 'robot.left_arm_config.use_degrees', 'default': True, 'help': 'Set to `True` for backward compatibility with previous policies/dataset', 'type': <class 'bool'>}
DEBUG 2026-09-06 03:16:23 d_metavar.py:22 Metavar for type <class 'str'>: str
DEBUG 2026-09-06 03:16:23 formatter.py:52 action type: <class 'str'>, Result: str, nargs: None, default metavar: None
DEBUG 2026-09-06 03:16:23 _wrapper.py:309 Arg options for field 'port': {'required': False, 'dest': 'robot.right_arm_config.port', 'default': None, 'help': 'Port to connect to the arm', 'type': <class 'str'>}
DEBUG 2026-09-06 03:16:23 _wrapper.py:309 Arg options for field 'disable_torque_on_disconnect': {'required': False, 'dest': 'robot.right_arm_config.disable_torque_on_disconnect', 'default': True, 'help': ' ', 'type': <class 'bool'>}
DEBUG 2026-09-06 03:16:23 _wrapper.py:309 Arg options for field 'max_relative_target': {'required': False, 'dest': 'robot.right_arm_config.max_relative_target', 'default': None, 'help': '`max_relative_target` limits the magnitude of the relative positional target vector for safety purposes.\nSet this to a positive scalar to have the same value for all motors, or a dictionary that maps motor\nnames to the max_relative_target value for that motor.', 'type': typing.Union[float, typing.Dict[str, float], NoneType]}
DEBUG 2026-09-06 03:16:23 _wrapper.py:309 Arg options for field 'cameras': {'required': False, 'dest': 'robot.right_arm_config.cameras', 'default': {}, 'help': 'cameras', 'type': typing.Dict[str, lerobot.cameras.configs.CameraConfig]}
DEBUG 2026-09-06 03:16:23 _wrapper.py:309 Arg options for field 'use_degrees': {'required': False, 'dest': 'robot.right_arm_config.use_degrees', 'default': True, 'help': 'Set to `True` for backward compatibility with previous policies/dataset', 'type': <class 'bool'>}
DEBUG 2026-09-06 03:16:23 _wrapper.py:309 Arg options for field 'cameras': {'required': False, 'dest': 'robot.cameras', 'default': {}, 'help': 'Top-level cameras not attached to a specific side. Keys are kept as-is in\nobservations (no `left_`/`right_` prefix). Per-arm cameras (declared on\n`{left,right}_arm_config.cameras`) are prefixed.', 'type': typing.Dict[str, lerobot.cameras.configs.CameraConfig]}
DEBUG 2026-09-06 03:16:23 _wrapper.py:309 Arg options for field 'id': {'required': False, 'dest': 'robot.id', 'default': None, 'help': 'Allows to distinguish between different robots of the same type', 'type': typing.Optional[str]}
DEBUG 2026-09-06 03:16:23 _wrapper.py:309 Arg options for field 'calibration_dir': {'required': False, 'dest': 'robot.calibration_dir', 'default': None, 'help': 'Directory to store calibration file', 'type': typing.Optional[pathlib.Path]}
DEBUG 2026-09-06 03:16:23 _wrapper.py:309 Arg options for field 'port': {'required': False, 'dest': 'robot.port', 'default': None, 'help': 'Port to connect to the arm', 'type': <class 'str'>}
DEBUG 2026-09-06 03:16:23 _wrapper.py:309 Arg options for field 'disable_torque_on_disconnect': {'required': False, 'dest': 'robot.disable_torque_on_disconnect', 'default': True, 'help': ' ', 'type': <class 'bool'>}
DEBUG 2026-09-06 03:16:23 _wrapper.py:309 Arg options for field 'max_relative_target': {'required': False, 'dest': 'robot.max_relative_target', 'default': None, 'help': '`max_relative_target` limits the magnitude of the relative positional target vector for safety purposes.\nSet this to a positive scalar to have the same value for all motors, or a dictionary that maps motor\nnames to the max_relative_target value for that motor.', 'type': typing.Union[float, typing.Dict[str, float], NoneType]}
DEBUG 2026-09-06 03:16:23 _wrapper.py:309 Arg options for field 'cameras': {'required': False, 'dest': 'robot.cameras', 'default': {}, 'help': 'cameras', 'type': typing.Dict[str, lerobot.cameras.configs.CameraConfig]}
DEBUG 2026-09-06 03:16:23 _wrapper.py:309 Arg options for field 'use_degrees': {'required': False, 'dest': 'robot.use_degrees', 'default': False, 'help': 'Set to `True` for backward compatibility with previous policies/dataset', 'type': <class 'bool'>}
DEBUG 2026-09-06 03:16:23 _wrapper.py:309 Arg options for field 'id': {'required': False, 'dest': 'robot.id', 'default': None, 'help': 'Allows to distinguish between different robots of the same type', 'type': typing.Optional[str]}
DEBUG 2026-09-06 03:16:23 _wrapper.py:309 Arg options for field 'calibration_dir': {'required': False, 'dest': 'robot.calibration_dir', 'default': None, 'help': 'Directory to store calibration file', 'type': typing.Optional[pathlib.Path]}
DEBUG 2026-09-06 03:16:23 _wrapper.py:309 Arg options for field 'port': {'required': False, 'dest': 'robot.port', 'default': None, 'help': 'Port to connect to the arm', 'type': <class 'str'>}
DEBUG 2026-09-06 03:16:23 _wrapper.py:309 Arg options for field 'disable_torque_on_disconnect': {'required': False, 'dest': 'robot.disable_torque_on_disconnect', 'default': True, 'help': ' ', 'type': <class 'bool'>}
DEBUG 2026-09-06 03:16:23 _wrapper.py:309 Arg options for field 'max_relative_target': {'required': False, 'dest': 'robot.max_relative_target', 'default': None, 'help': '`max_relative_target` limits the magnitude of the relative positional target vector for safety purposes.\nSet this to a positive scalar to have the same value for all motors, or a dictionary that maps motor\nnames to the max_relative_target value for that motor.', 'type': typing.Union[float, typing.Dict[str, float], NoneType]}
DEBUG 2026-09-06 03:16:23 _wrapper.py:309 Arg options for field 'cameras': {'required': False, 'dest': 'robot.cameras', 'default': {}, 'help': 'cameras', 'type': typing.Dict[str, lerobot.cameras.configs.CameraConfig]}
DEBUG 2026-09-06 03:16:23 _wrapper.py:309 Arg options for field 'use_degrees': {'required': False, 'dest': 'robot.use_degrees', 'default': False, 'help': 'Set to `True` for backward compatibility with previous policies/dataset', 'type': <class 'bool'>}
DEBUG 2026-09-06 03:16:23 _wrapper.py:309 Arg options for field 'id': {'required': False, 'dest': 'robot.id', 'default': None, 'help': 'Allows to distinguish between different robots of the same type', 'type': typing.Optional[str]}
DEBUG 2026-09-06 03:16:23 _wrapper.py:309 Arg options for field 'calibration_dir': {'required': False, 'dest': 'robot.calibration_dir', 'default': None, 'help': 'Directory to store calibration file', 'type': typing.Optional[pathlib.Path]}
DEBUG 2026-09-06 03:16:23 _wrapper.py:309 Arg options for field 'address': {'required': False, 'dest': 'robot.address', 'default': '192.168.30.1:50051', 'help': 'gRPC address of the robot (host:port)', 'type': <class 'str'>}
DEBUG 2026-09-06 03:16:23 _wrapper.py:309 Arg options for field 'model': {'required': False, 'dest': 'robot.model', 'default': 'auto', 'help': 'Robot model variant: "a" (24-DOF), "m" (26-DOF mecanum), "ub" (18-DOF,\nno base), or "auto" to detect it from the robot via rby1-sdk on connect().', 'type': <class 'str'>}
DEBUG 2026-09-06 03:16:23 _wrapper.py:309 Arg options for field 'version': {'required': False, 'dest': 'robot.version', 'default': 'auto', 'help': 'Firmware version: "auto" to detect via rby1-sdk, or one of "1.0"/"1.1"/\n"1.2"/"1.3". The version selects the ready pose set (v1.3 differs from\nearlier versions near the wrist). Ignored for the "ub" model.', 'type': <class 'str'>}
DEBUG 2026-09-06 03:16:23 _wrapper.py:309 Arg options for field 'connect_timeout_sec': {'required': False, 'dest': 'robot.connect_timeout_sec', 'default': 3.0, 'help': 'Timeout (seconds) for the model/version auto-detection probe connection.', 'type': <class 'float'>}
DEBUG 2026-09-06 03:16:23 _wrapper.py:309 Arg options for field 'use_velocity': {'required': False, 'dest': 'robot.use_velocity', 'default': False, 'help': 'Include joint velocities in observation_features', 'type': <class 'bool'>}
DEBUG 2026-09-06 03:16:23 _wrapper.py:309 Arg options for field 'use_torque': {'required': False, 'dest': 'robot.use_torque', 'default': False, 'help': 'Include joint torques in observation_features', 'type': <class 'bool'>}
DEBUG 2026-09-06 03:16:23 _wrapper.py:309 Arg options for field 'use_gripper': {'required': False, 'dest': 'robot.use_gripper', 'default': True, 'help': 'Enable physical Dynamixel gripper (set False for simulation / gripper-less setups)', 'type': <class 'bool'>}
DEBUG 2026-09-06 03:16:23 _wrapper.py:309 Arg options for field 'cameras': {'required': False, 'dest': 'robot.cameras', 'default': {}, 'help': 'Map of camera name -> CameraConfig. Defaults to no cameras (the\nRealSense layout in _default_cameras() is a commented-out template);\npass an explicit dict to enable cameras.', 'type': typing.Dict[str, lerobot.cameras.configs.CameraConfig]}
DEBUG 2026-09-06 03:16:23 _wrapper.py:309 Arg options for field 'use_torso': {'required': False, 'dest': 'robot.use_torso', 'default': False, 'help': '── Joint group selection ──────────────────────────────────────────\nSelect which joint groups to include in observation / action features.\nDisabled groups are held at their current position during send_action().', 'type': <class 'bool'>}
DEBUG 2026-09-06 03:16:23 _wrapper.py:309 Arg options for field 'use_right_arm': {'required': False, 'dest': 'robot.use_right_arm', 'default': True, 'help': ' ', 'type': <class 'bool'>}
DEBUG 2026-09-06 03:16:23 _wrapper.py:309 Arg options for field 'use_left_arm': {'required': False, 'dest': 'robot.use_left_arm', 'default': True, 'help': ' ', 'type': <class 'bool'>}
DEBUG 2026-09-06 03:16:23 _wrapper.py:309 Arg options for field 'action_mode': {'required': False, 'dest': 'robot.action_mode', 'default': 'joint', 'help': '── Action mode ────────────────────────────────────────────────────\n"joint": actions are joint positions (radians) for the enabled arms,\nexecuted as joint position / impedance commands.\n"ee":    actions are end-effector poses in the base frame\n(torso_ee.* / right_ee.* / left_ee.* — position in metres plus\na rotation vector in radians), executed via the onboard\nCartesian impedance solver. Produced e.g. by the rby1_vr\nteleoperator. In this mode use_torso also enables torso EE\nactions (the torso stays observation-only in joint mode).', 'type': <class 'str'>}
DEBUG 2026-09-06 03:16:23 _wrapper.py:309 Arg options for field 'use_mobile_base': {'required': False, 'dest': 'robot.use_mobile_base', 'default': False, 'help': 'Enable the omnidirectional mobile base. When True, send_action consumes\nthe base velocity action keys (x.vel, y.vel, theta.vel) and forwards them\nto the robot as an SE2 velocity command. Requires a model with a base\n("a" or "m"). Leave False for upper-body-only setups.', 'type': <class 'bool'>}
DEBUG 2026-09-06 03:16:23 _wrapper.py:309 Arg options for field 'reset_right_arm_on_record': {'required': False, 'dest': 'robot.reset_right_arm_on_record', 'default': False, 'help': '── Record reset selection ────────────────────────────────────────\nWhen lerobot-record calls robot.reset() between episodes, only the\nenabled arms are moved back to the ready pose. Disabled arms keep\ntheir current joint positions.', 'type': <class 'bool'>}
DEBUG 2026-09-06 03:16:23 _wrapper.py:309 Arg options for field 'reset_left_arm_on_record': {'required': False, 'dest': 'robot.reset_left_arm_on_record', 'default': False, 'help': ' ', 'type': <class 'bool'>}
DEBUG 2026-09-06 03:16:23 _wrapper.py:309 Arg options for field 'use_impedance': {'required': False, 'dest': 'robot.use_impedance', 'default': False, 'help': '── Impedance control ──────────────────────────────────────────────\nWhen True, send_action uses JointImpedanceControlCommandBuilder\ninstead of JointPositionCommandBuilder, yielding compliant behaviour\nsimilar to the teleoperation stream.', 'type': <class 'bool'>}
DEBUG 2026-09-06 03:16:23 ocstring.py:253 Warning: Unable to parse attribute docstring:         default_factory=lambda: [400.0] * 6 + [150.0] * 7 + [150.0] * 7
DEBUG 2026-09-06 03:16:23 _wrapper.py:309 Arg options for field 'impedance_stiffness': {'required': False, 'dest': 'robot.impedance_stiffness', 'default': [400.0, 400.0, 400.0, 400.0, 400.0, 400.0, 150.0, 150.0, 150.0, 150.0, 150.0, 150.0, 150.0, 150.0, 150.0, 150.0, 150.0, 150.0, 150.0, 150.0], 'help': 'Joint stiffness (Nm/rad) for the 20 body joints in order:\ntorso_0…5 (6), right_arm_0…6 (7), left_arm_0…6 (7)\nHigher values → stiffer, lower → more compliant.', 'type': typing.List[float]}
DEBUG 2026-09-06 03:16:23 ocstring.py:253 Warning: Unable to parse attribute docstring:         default_factory=lambda: [500.0] * 6 + [40.0] * 7 + [40.0] * 7
DEBUG 2026-09-06 03:16:23 _wrapper.py:309 Arg options for field 'impedance_torque_limit': {'required': False, 'dest': 'robot.impedance_torque_limit', 'default': [500.0, 500.0, 500.0, 500.0, 500.0, 500.0, 40.0, 40.0, 40.0, 40.0, 40.0, 40.0, 40.0, 40.0, 40.0, 40.0, 40.0, 40.0, 40.0, 40.0], 'help': '\n\nTorque limits (Nm) for the 20 body joints (same ordering as above).', 'type': typing.List[float]}
DEBUG 2026-09-06 03:16:23 _wrapper.py:309 Arg options for field 'impedance_damping_ratio': {'required': False, 'dest': 'robot.impedance_damping_ratio', 'default': 0.7, 'help': '\n\nDimensionless damping ratio applied to all commanded joints.\n0.7 is underdamped; 1.0 is critically damped; values above 1.0 are\noverdamped.', 'type': <class 'float'>}
DEBUG 2026-09-06 03:16:23 _wrapper.py:309 Arg options for field 'wrist_velocity_limit_scale': {'required': False, 'dest': 'robot.wrist_velocity_limit_scale', 'default': 10.0, 'help': '── Velocity / acceleration limits ─────────────────────────────────\nLimits are read from the URDF dynamics model at connect() time.\nThese scaling factors adjust the raw URDF values.\nMultiply the wrist joint (last joint of each arm) velocity limit\nby this factor.  The wrist needs higher velocity headroom for\nimpedance-mode teleoperation.  (SDK example uses 10×.)', 'type': <class 'float'>}
DEBUG 2026-09-06 03:16:23 _wrapper.py:309 Arg options for field 'acceleration_limit_scale': {'required': False, 'dest': 'robot.acceleration_limit_scale', 'default': 30.0, 'help': "Multiply ALL joints' URDF acceleration limits by this factor.\nThe raw URDF values are very conservative; 30× is the SDK default\nfor real-time teleoperation responsiveness.", 'type': <class 'float'>}
DEBUG 2026-09-06 03:16:24 _wrapper.py:309 Arg options for field 'move_to_ready_on_connect': {'required': False, 'dest': 'robot.move_to_ready_on_connect', 'default': True, 'help': 'Move robot to ready pose automatically when connect() is called.\nSet False to skip the ready pose motion (e.g. during unit tests or\nwhen the robot is already in a safe position).', 'type': <class 'bool'>}
DEBUG 2026-09-06 03:16:24 _wrapper.py:309 Arg options for field 'startup_ramp_duration': {'required': False, 'dest': 'robot.startup_ramp_duration', 'default': 5.0, 'help': "── Startup ramp ───────────────────────────────────────────────────\nAt the beginning of a teleop session the follower robot needs to\nsmoothly converge to the leader's current pose.  A large\n`minimum_time` per command slows the robot down, giving it time to\ncatch up gradually rather than snapping to the first target.\n\nstartup_ramp_duration : seconds over which minimum_time is linearly\ninterpolated from startup_min_time → normal_min_time.  Set to 0.0 to\ndisable the ramp.\nstartup_min_time      : minimum_time (seconds) used at t=0.\n(Joint mode only; EE commands use ee_dt * min_time_factor_* instead.)", 'type': <class 'float'>}
DEBUG 2026-09-06 03:16:24 _wrapper.py:309 Arg options for field 'startup_min_time': {'required': False, 'dest': 'robot.startup_min_time', 'default': 5.0, 'help': ' ', 'type': <class 'float'>}
DEBUG 2026-09-06 03:16:24 _wrapper.py:309 Arg options for field 'normal_min_time': {'required': False, 'dest': 'robot.normal_min_time', 'default': 0.07, 'help': ' ', 'type': <class 'float'>}
DEBUG 2026-09-06 03:16:24 _wrapper.py:309 Arg options for field 'ee_whole_body': {'required': False, 'dest': 'robot.ee_whole_body', 'default': False, 'help': '════════════════════════════════════════════════════════════════════\nEE action mode (action_mode="ee") — Cartesian impedance tuning.\nThe fields below only apply when action_mode="ee".\n════════════════════════════════════════════════════════════════════\nUse a single whole-body Cartesian impedance solver for torso + arms.\nFalse → separate torso / right-arm / left-arm solvers (more stable).', 'type': <class 'bool'>}
DEBUG 2026-09-06 03:16:24 _wrapper.py:309 Arg options for field 'ee_dt': {'required': False, 'dest': 'robot.ee_dt', 'default': 0.06666666666666667, 'help': 'Expected action period (s); Cartesian command minimum_time is\nee_dt * min_time_factor_wb (whole-body / mobility) or\nee_dt * min_time_factor_pc (per-component torso/arm).', 'type': <class 'float'>}
DEBUG 2026-09-06 03:16:24 _wrapper.py:309 Arg options for field 'min_time_factor_wb': {'required': False, 'dest': 'robot.min_time_factor_wb', 'default': 1.01, 'help': ' ', 'type': <class 'float'>}
DEBUG 2026-09-06 03:16:24 _wrapper.py:309 Arg options for field 'min_time_factor_pc': {'required': False, 'dest': 'robot.min_time_factor_pc', 'default': 1.02, 'help': ' ', 'type': <class 'float'>}
DEBUG 2026-09-06 03:16:24 _wrapper.py:309 Arg options for field 'ee_hold_time': {'required': False, 'dest': 'robot.ee_hold_time', 'default': 30.0, 'help': 'Cartesian commands keep holding for this long (s) if the stream stalls.', 'type': <class 'float'>}
DEBUG 2026-09-06 03:16:24 _wrapper.py:309 Arg options for field 'ee_reset_position_threshold': {'required': False, 'dest': 'robot.ee_reset_position_threshold', 'default': 0.1, 'help': 'metres', 'type': <class 'float'>}
DEBUG 2026-09-06 03:16:24 _wrapper.py:309 Arg options for field 'ee_reset_rotation_threshold': {'required': False, 'dest': 'robot.ee_reset_rotation_threshold', 'default': 0.5, 'help': 'radians', 'type': <class 'float'>}
DEBUG 2026-09-06 03:16:24 ocstring.py:253 Warning: Unable to parse attribute docstring:         default_factory=lambda: [400.0] * 6 + [60.0] * 7 + [60.0] * 7
DEBUG 2026-09-06 03:16:24 _wrapper.py:309 Arg options for field 'wb_joint_stiffness': {'required': False, 'dest': 'robot.wb_joint_stiffness', 'default': [400.0, 400.0, 400.0, 400.0, 400.0, 400.0, 60.0, 60.0, 60.0, 60.0, 60.0, 60.0, 60.0, 60.0, 60.0, 60.0, 60.0, 60.0, 60.0, 60.0], 'help': '── Whole-body solver tuning (ee_whole_body=True) ──────────────────\nStiffness / torque-limit arrays are laid out as\n[torso (6) | right arm (7) | left arm (7)].', 'type': typing.List[float]}
DEBUG 2026-09-06 03:16:24 ocstring.py:253 Warning: Unable to parse attribute docstring:         default_factory=lambda: [500.0] * 6 + [30.0] * 7 + [30.0] * 7
DEBUG 2026-09-06 03:16:24 _wrapper.py:309 Arg options for field 'wb_joint_torque_limit': {'required': False, 'dest': 'robot.wb_joint_torque_limit', 'default': [500.0, 500.0, 500.0, 500.0, 500.0, 500.0, 30.0, 30.0, 30.0, 30.0, 30.0, 30.0, 30.0, 30.0, 30.0, 30.0, 30.0, 30.0, 30.0, 30.0], 'help': '\n', 'type': typing.List[float]}
DEBUG 2026-09-06 03:16:24 ocstring.py:253 Warning: Unable to parse attribute docstring:         default_factory=lambda: dict(DEFAULT_WB_JOINT_LIMITS)
DEBUG 2026-09-06 03:16:24 _wrapper.py:309 Arg options for field 'wb_joint_limits': {'required': False, 'dest': 'robot.wb_joint_limits', 'default': {'right_arm_3': (-2.6, -0.5), 'right_arm_5': (0.2, 1.9), 'left_arm_3': (-2.6, -0.5), 'left_arm_5': (0.2, 1.9), 'torso_1': (-0.523598776, 1.3), 'torso_2': (-2.617993878, -0.2)}, 'help': '\n', 'type': typing.Dict[str, typing.Tuple[float, float]]}
DEBUG 2026-09-06 03:16:24 _wrapper.py:309 Arg options for field 'torso_stiffness': {'required': False, 'dest': 'robot.torso_stiffness', 'default': [1700.0, 1700.0, 1700.0, 1700.0, 1700.0, 1700.0], 'help': '\n\n── Per-component solver tuning (ee_whole_body=False) ───────────────', 'type': typing.List[float]}
DEBUG 2026-09-06 03:16:24 _wrapper.py:309 Arg options for field 'torso_torque_limit': {'required': False, 'dest': 'robot.torso_torque_limit', 'default': [600.0, 600.0, 600.0, 600.0, 600.0, 600.0], 'help': ' ', 'type': typing.List[float]}
DEBUG 2026-09-06 03:16:24 _wrapper.py:309 Arg options for field 'torso_damping_ratio': {'required': False, 'dest': 'robot.torso_damping_ratio', 'default': 0.7, 'help': ' ', 'type': <class 'float'>}
DEBUG 2026-09-06 03:16:24 ocstring.py:253 Warning: Unable to parse attribute docstring:         default_factory=lambda: dict(DEFAULT_TORSO_JOINT_LIMITS)
DEBUG 2026-09-06 03:16:24 _wrapper.py:309 Arg options for field 'torso_joint_limits': {'required': False, 'dest': 'robot.torso_joint_limits', 'default': {'torso_1': (-0.523598776, 1.6), 'torso_2': (-2.617993878, -0.2)}, 'help': ' ', 'type': typing.Dict[str, typing.Tuple[float, float]]}
DEBUG 2026-09-06 03:16:24 ocstring.py:253 Warning: Unable to parse attribute docstring:         default_factory=lambda: [90.0, 90.0, 90.0, 70.0, 70.0, 70.0, 70.0]
DEBUG 2026-09-06 03:16:24 _wrapper.py:309 Arg options for field 'right_arm_stiffness': {'required': False, 'dest': 'robot.right_arm_stiffness', 'default': [90.0, 90.0, 90.0, 70.0, 70.0, 70.0, 70.0], 'help': '\n', 'type': typing.List[float]}
DEBUG 2026-09-06 03:16:24 ocstring.py:253 Warning: Unable to parse attribute docstring:         default_factory=lambda: [40.0, 40.0, 40.0, 30.0, 30.0, 30.0, 30.0]
DEBUG 2026-09-06 03:16:24 _wrapper.py:309 Arg options for field 'right_arm_torque_limit': {'required': False, 'dest': 'robot.right_arm_torque_limit', 'default': [40.0, 40.0, 40.0, 30.0, 30.0, 30.0, 30.0], 'help': '\n', 'type': typing.List[float]}
DEBUG 2026-09-06 03:16:24 _wrapper.py:309 Arg options for field 'right_arm_damping_ratio': {'required': False, 'dest': 'robot.right_arm_damping_ratio', 'default': 0.6, 'help': '\n', 'type': <class 'float'>}
DEBUG 2026-09-06 03:16:24 ocstring.py:253 Warning: Unable to parse attribute docstring:         default_factory=lambda: dict(DEFAULT_RIGHT_ARM_JOINT_LIMITS)
DEBUG 2026-09-06 03:16:24 _wrapper.py:309 Arg options for field 'right_arm_joint_limits': {'required': False, 'dest': 'robot.right_arm_joint_limits', 'default': {'right_arm_3': (-2.6, -0.5)}, 'help': ' ', 'type': typing.Dict[str, typing.Tuple[float, float]]}
DEBUG 2026-09-06 03:16:24 ocstring.py:253 Warning: Unable to parse attribute docstring:         default_factory=lambda: [60.0, 60.0, 60.0, 50.0, 50.0, 50.0, 50.0]
DEBUG 2026-09-06 03:16:24 _wrapper.py:309 Arg options for field 'left_arm_stiffness': {'required': False, 'dest': 'robot.left_arm_stiffness', 'default': [60.0, 60.0, 60.0, 50.0, 50.0, 50.0, 50.0], 'help': '\n', 'type': typing.List[float]}
DEBUG 2026-09-06 03:16:24 ocstring.py:253 Warning: Unable to parse attribute docstring:         default_factory=lambda: [40.0, 40.0, 40.0, 30.0, 30.0, 30.0, 30.0]
DEBUG 2026-09-06 03:16:24 _wrapper.py:309 Arg options for field 'left_arm_torque_limit': {'required': False, 'dest': 'robot.left_arm_torque_limit', 'default': [40.0, 40.0, 40.0, 30.0, 30.0, 30.0, 30.0], 'help': '\n', 'type': typing.List[float]}
DEBUG 2026-09-06 03:16:24 _wrapper.py:309 Arg options for field 'left_arm_damping_ratio': {'required': False, 'dest': 'robot.left_arm_damping_ratio', 'default': 0.4, 'help': '\n', 'type': <class 'float'>}
DEBUG 2026-09-06 03:16:24 ocstring.py:253 Warning: Unable to parse attribute docstring:         default_factory=lambda: dict(DEFAULT_LEFT_ARM_JOINT_LIMITS)
DEBUG 2026-09-06 03:16:24 _wrapper.py:309 Arg options for field 'left_arm_joint_limits': {'required': False, 'dest': 'robot.left_arm_joint_limits', 'default': {'left_arm_3': (-2.6, -0.5)}, 'help': ' ', 'type': typing.Dict[str, typing.Tuple[float, float]]}
DEBUG 2026-09-06 03:16:24 _wrapper.py:309 Arg options for field 'torso_target_gains_wb': {'required': False, 'dest': 'robot.torso_target_gains_wb', 'default': (1.0, 1.5707963267948966, 10.0, 62.83185307179586), 'help': '\n\n── Cartesian add_target gain tuples ─────────────────────────────', 'type': typing.Tuple[float, float, float, float]}
DEBUG 2026-09-06 03:16:24 _wrapper.py:309 Arg options for field 'torso_target_gains_pc': {'required': False, 'dest': 'robot.torso_target_gains_pc', 'default': (1.0, 1.5707963267948966, 20.0, 125.66370614359172), 'help': ' ', 'type': typing.Tuple[float, float, float, float]}
DEBUG 2026-09-06 03:16:24 _wrapper.py:309 Arg options for field 'arm_target_gains_wb': {'required': False, 'dest': 'robot.arm_target_gains_wb', 'default': (2.0, 6.283185307179586, 20.0, 251.32741228718345), 'help': ' ', 'type': typing.Tuple[float, float, float, float]}
DEBUG 2026-09-06 03:16:24 _wrapper.py:309 Arg options for field 'arm_target_gains_pc': {'required': False, 'dest': 'robot.arm_target_gains_pc', 'default': (3.0, 6.283185307179586, 150.0, 251.32741228718345), 'help': ' ', 'type': typing.Tuple[float, float, float, float]}
DEBUG 2026-09-06 03:16:24 ocstring.py:253 Warning: Unable to parse attribute docstring:         default_factory=lambda: list(DEFAULT_NULL_RIGHT_DEG)
DEBUG 2026-09-06 03:16:24 _wrapper.py:309 Arg options for field 'null_right_arm_deg': {'required': False, 'dest': 'robot.null_right_arm_deg', 'default': [40.0, -30.0, -5.0, -135.0, -10.0, 20.0, 40.0], 'help': '── Nullspace targets (per-component arm solvers) ─────────────────', 'type': typing.List[float]}
DEBUG 2026-09-06 03:16:24 ocstring.py:253 Warning: Unable to parse attribute docstring:         default_factory=lambda: list(DEFAULT_NULL_LEFT_DEG)
DEBUG 2026-09-06 03:16:24 _wrapper.py:309 Arg options for field 'null_left_arm_deg': {'required': False, 'dest': 'robot.null_left_arm_deg', 'default': [40.0, 30.0, -5.0, -135.0, 10.0, 20.0, -40.0], 'help': '\n', 'type': typing.List[float]}
DEBUG 2026-09-06 03:16:24 ocstring.py:253 Warning: Unable to parse attribute docstring:         default_factory=lambda: [2.0, 2.0, 2.0, 2.0, 2.0, 2.0, 1.0]
DEBUG 2026-09-06 03:16:24 _wrapper.py:309 Arg options for field 'nullspace_weight': {'required': False, 'dest': 'robot.nullspace_weight', 'default': [2.0, 2.0, 2.0, 2.0, 2.0, 2.0, 1.0], 'help': '\n', 'type': typing.List[float]}
DEBUG 2026-09-06 03:16:24 _wrapper.py:309 Arg options for field 'nullspace_stiffness': {'required': False, 'dest': 'robot.nullspace_stiffness', 'default': 0.2, 'help': '\n', 'type': <class 'float'>}
DEBUG 2026-09-06 03:16:24 _wrapper.py:309 Arg options for field 'nullspace_damping_ratio': {'required': False, 'dest': 'robot.nullspace_damping_ratio', 'default': 0.3, 'help': ' ', 'type': <class 'float'>}
DEBUG 2026-09-06 03:16:24 _wrapper.py:309 Arg options for field 'actions_per_chunk': {'required': False, 'dest': 'actions_per_chunk', 'default': None, 'help': 'Policies typically output K actions at max, but we can use less to avoid wasting bandwidth (as actions\nwould be aggregated on the client side anyway, depending on the value of `chunk_size_threshold`)', 'type': <class 'int'>}
DEBUG 2026-09-06 03:16:24 ocstring.py:253 Warning: Unable to parse attribute docstring:         default="grpc",
DEBUG 2026-09-06 03:16:24 _wrapper.py:309 Arg options for field 'backend': {'required': False, 'dest': 'backend', 'default': 'grpc', 'help': 'Remote inference backend configuration', 'type': <class 'str'>}
DEBUG 2026-09-06 03:16:24 _wrapper.py:309 Arg options for field 'policy_type': {'required': False, 'dest': 'policy_type', 'default': 'act', 'help': '\n\n\nPolicy configuration', 'type': <class 'str'>}
DEBUG 2026-09-06 03:16:24 _wrapper.py:309 Arg options for field 'pretrained_name_or_path': {'required': False, 'dest': 'pretrained_name_or_path', 'default': 'dummy', 'help': ' ', 'type': <class 'str'>}
DEBUG 2026-09-06 03:16:24 _wrapper.py:309 Arg options for field 'task': {'required': False, 'dest': 'task', 'default': '', 'help': "Task instruction for the robot to execute (e.g., 'fold my tshirt')", 'type': <class 'str'>}
DEBUG 2026-09-06 03:16:24 _wrapper.py:309 Arg options for field 'server_address': {'required': False, 'dest': 'server_address', 'default': 'localhost:8080', 'help': 'Network configuration', 'type': <class 'str'>}
DEBUG 2026-09-06 03:16:24 _wrapper.py:309 Arg options for field 'policy_device': {'required': False, 'dest': 'policy_device', 'default': 'cpu', 'help': 'Device configuration', 'type': <class 'str'>}
DEBUG 2026-09-06 03:16:24 ocstring.py:253 Warning: Unable to parse attribute docstring:         default="cpu",
DEBUG 2026-09-06 03:16:24 _wrapper.py:309 Arg options for field 'client_device': {'required': False, 'dest': 'client_device', 'default': 'cpu', 'help': ' ', 'type': <class 'str'>}
DEBUG 2026-09-06 03:16:24 _wrapper.py:309 Arg options for field 'chunk_size_threshold': {'required': False, 'dest': 'chunk_size_threshold', 'default': 0.5, 'help': '\n\nControl behavior configuration', 'type': <class 'float'>}
DEBUG 2026-09-06 03:16:24 _wrapper.py:309 Arg options for field 'fps': {'required': False, 'dest': 'fps', 'default': 30, 'help': ' ', 'type': <class 'int'>}
DEBUG 2026-09-06 03:16:24 ocstring.py:253 Warning: Unable to parse attribute docstring:         default=1.0,
DEBUG 2026-09-06 03:16:24 _wrapper.py:309 Arg options for field 'image_resize_scale': {'required': False, 'dest': 'image_resize_scale', 'default': 1.0, 'help': ' ', 'type': <class 'float'>}
DEBUG 2026-09-06 03:16:24 ocstring.py:253 Warning: Unable to parse attribute docstring:         default=False,
DEBUG 2026-09-06 03:16:24 _wrapper.py:309 Arg options for field 'jpeg_compression': {'required': False, 'dest': 'jpeg_compression', 'default': False, 'help': '\n\n', 'type': <class 'bool'>}
DEBUG 2026-09-06 03:16:24 ocstring.py:253 Warning: Unable to parse attribute docstring:         default=False,
DEBUG 2026-09-06 03:16:24 _wrapper.py:309 Arg options for field 'save_camera_images': {'required': False, 'dest': 'save_camera_images', 'default': False, 'help': '\n\n', 'type': <class 'bool'>}
DEBUG 2026-09-06 03:16:24 ocstring.py:253 Warning: Unable to parse attribute docstring:         default="logs/camera_capture",
DEBUG 2026-09-06 03:16:24 _wrapper.py:309 Arg options for field 'camera_image_log_dir': {'required': False, 'dest': 'camera_image_log_dir', 'default': 'logs/camera_capture', 'help': '\n\n', 'type': <class 'str'>}
DEBUG 2026-09-06 03:16:24 ocstring.py:253 Warning: Unable to parse attribute docstring:         default=1,
DEBUG 2026-09-06 03:16:24 _wrapper.py:309 Arg options for field 'camera_image_save_every_n': {'required': False, 'dest': 'camera_image_save_every_n', 'default': 1, 'help': '\n\n', 'type': <class 'int'>}
DEBUG 2026-09-06 03:16:24 ocstring.py:253 Warning: Unable to parse attribute docstring:         default_factory=dict,
DEBUG 2026-09-06 03:16:24 _wrapper.py:309 Arg options for field 'image_crop_params': {'required': False, 'dest': 'image_crop_params', 'default': {}, 'help': '\n\n', 'type': typing.Dict[str, typing.Tuple[int, int, int, int]]}
DEBUG 2026-09-06 03:16:24 ocstring.py:253 Warning: Unable to parse attribute docstring:         default=DEFAULT_ZMQ_TIMEOUT_MS,
DEBUG 2026-09-06 03:16:24 _wrapper.py:309 Arg options for field 'zmq_timeout_ms': {'required': False, 'dest': 'zmq_timeout_ms', 'default': 10000, 'help': '\n', 'type': <class 'int'>}
DEBUG 2026-09-06 03:16:24 ocstring.py:253 Warning: Unable to parse attribute docstring:         default="front",
DEBUG 2026-09-06 03:16:24 _wrapper.py:309 Arg options for field 'front_camera_key': {'required': False, 'dest': 'front_camera_key', 'default': 'front', 'help': '\n\n', 'type': <class 'str'>}
DEBUG 2026-09-06 03:16:24 ocstring.py:253 Warning: Unable to parse attribute docstring:         default="right",
DEBUG 2026-09-06 03:16:24 _wrapper.py:309 Arg options for field 'right_wrist_camera_key': {'required': False, 'dest': 'right_wrist_camera_key', 'default': 'right', 'help': '\n\n', 'type': <class 'str'>}
DEBUG 2026-09-06 03:16:24 ocstring.py:253 Warning: Unable to parse attribute docstring:         default="left",
DEBUG 2026-09-06 03:16:24 _wrapper.py:309 Arg options for field 'left_wrist_camera_key': {'required': False, 'dest': 'left_wrist_camera_key', 'default': 'left', 'help': '\n\n', 'type': <class 'str'>}
DEBUG 2026-09-06 03:16:24 ocstring.py:253 Warning: Unable to parse attribute docstring:         default="weighted_average",
DEBUG 2026-09-06 03:16:24 _wrapper.py:309 Arg options for field 'aggregate_fn_name': {'required': False, 'dest': 'aggregate_fn_name', 'default': 'weighted_average', 'help': '\n\n\nAggregate function configuration (CLI-compatible)', 'type': <class 'str'>}
DEBUG 2026-09-06 03:16:24 d_metavar.py:22 Metavar for type <class 'str'>: str
DEBUG 2026-09-06 03:16:24 formatter.py:52 action type: <class 'str'>, Result: str, nargs: None, default metavar: None
DEBUG 2026-09-06 03:16:24 ocstring.py:253 Warning: Unable to parse attribute docstring:         default_factory=TrajectoryPostprocessConfig,
DEBUG 2026-09-06 03:16:24 _wrapper.py:309 Arg options for field 'enabled': {'required': False, 'dest': 'trajectory_postprocess.enabled', 'default': False, 'help': ' ', 'type': <class 'bool'>}
DEBUG 2026-09-06 03:16:24 _wrapper.py:309 Arg options for field 'limits_source': {'required': False, 'dest': 'trajectory_postprocess.limits_source', 'default': 'active_urdf', 'help': ' ', 'type': <class 'str'>}
DEBUG 2026-09-06 03:16:24 _wrapper.py:309 Arg options for field 'control_rate_hz': {'required': False, 'dest': 'trajectory_postprocess.control_rate_hz', 'default': 500.0, 'help': ' ', 'type': typing.Optional[float]}
DEBUG 2026-09-06 03:16:24 _wrapper.py:309 Arg options for field 'profile': {'required': False, 'dest': 'trajectory_postprocess.profile', 'default': 'balanced', 'help': ' ', 'type': <class 'str'>}
DEBUG 2026-09-06 03:16:24 _wrapper.py:309 Arg options for field 'active_model': {'required': False, 'dest': 'trajectory_postprocess.active_model', 'default': None, 'type': typing.Optional[str]}
DEBUG 2026-09-06 03:16:24 _wrapper.py:309 Arg options for field 'urdf_version': {'required': False, 'dest': 'trajectory_postprocess.urdf_version', 'default': None, 'type': typing.Optional[str]}
DEBUG 2026-09-06 03:16:24 _wrapper.py:309 Arg options for field 'sdk_models_dir': {'required': False, 'dest': 'trajectory_postprocess.sdk_models_dir', 'default': '/home/nvidia/rby1-sdk/models', 'help': ' ', 'type': <class 'str'>}
DEBUG 2026-09-06 03:16:24 _wrapper.py:309 Arg options for field 'interpolation': {'required': False, 'dest': 'trajectory_postprocess.interpolation', 'default': 'jerk_limited', 'help': ' ', 'type': <class 'str'>}
DEBUG 2026-09-06 03:16:24 d_metavar.py:22 Metavar for type <class 'str'>: str
DEBUG 2026-09-06 03:16:24 formatter.py:52 action type: <class 'str'>, Result: str, nargs: None, default metavar: None
DEBUG 2026-09-06 03:16:24 _wrapper.py:309 Arg options for field 'position_limits': {'required': False, 'dest': 'trajectory_postprocess.arms.position_limits', 'default': {}, 'help': ' ', 'type': typing.Dict[str, typing.Tuple[float, float]]}
DEBUG 2026-09-06 03:16:24 _wrapper.py:309 Arg options for field 'velocity_limits': {'required': False, 'dest': 'trajectory_postprocess.arms.velocity_limits', 'default': {}, 'help': ' ', 'type': typing.Dict[str, float]}
DEBUG 2026-09-06 03:16:24 _wrapper.py:309 Arg options for field 'acceleration_limits': {'required': False, 'dest': 'trajectory_postprocess.arms.acceleration_limits', 'default': {}, 'help': ' ', 'type': typing.Dict[str, float]}
DEBUG 2026-09-06 03:16:24 _wrapper.py:309 Arg options for field 'jerk_limits': {'required': False, 'dest': 'trajectory_postprocess.arms.jerk_limits', 'default': {}, 'help': ' ', 'type': typing.Dict[str, float]}
DEBUG 2026-09-06 03:16:24 d_metavar.py:22 Metavar for type <class 'str'>: str
DEBUG 2026-09-06 03:16:24 formatter.py:52 action type: <class 'str'>, Result: str, nargs: None, default metavar: None
DEBUG 2026-09-06 03:16:24 _wrapper.py:309 Arg options for field 'mode': {'required': False, 'dest': 'trajectory_postprocess.grippers.mode', 'default': 'passthrough', 'help': ' ', 'type': <class 'str'>}
DEBUG 2026-09-06 03:16:24 _wrapper.py:309 Arg options for field 'rate_limits': {'required': False, 'dest': 'trajectory_postprocess.grippers.rate_limits', 'default': {}, 'help': ' ', 'type': typing.Dict[str, float]}
DEBUG 2026-09-06 03:16:24 ocstring.py:253 Warning: Unable to parse attribute docstring:         default=False, metadata={"help": "Visualize the action queue size"}
DEBUG 2026-09-06 03:16:24 _wrapper.py:309 Arg options for field 'debug_visualize_queue_size': {'required': False, 'dest': 'debug_visualize_queue_size', 'default': False, 'help': '\n\n\nDebug configuration inherited from upstream.', 'type': <class 'bool'>}
DEBUG 2026-09-06 03:16:24 ocstring.py:253 Warning: Unable to parse attribute docstring:         default=False,
DEBUG 2026-09-06 03:16:24 _wrapper.py:309 Arg options for field 'rtc_enabled': {'required': False, 'dest': 'rtc_enabled', 'default': False, 'help': '\n', 'type': <class 'bool'>}
DEBUG 2026-09-06 03:16:24 ocstring.py:253 Warning: Unable to parse attribute docstring:         default="guided",
DEBUG 2026-09-06 03:16:24 _wrapper.py:309 Arg options for field 'rtc_mode': {'required': False, 'dest': 'rtc_mode', 'default': 'guided', 'help': '\n\n', 'type': <class 'str'>}
DEBUG 2026-09-06 03:16:24 ocstring.py:253 Warning: Unable to parse attribute docstring:         default=10, metadata={"help": "RTC prefix guidance execution horizon in frames"}
DEBUG 2026-09-06 03:16:24 _wrapper.py:309 Arg options for field 'rtc_execution_horizon': {'required': False, 'dest': 'rtc_execution_horizon', 'default': 10, 'help': '\n\n', 'type': <class 'int'>}
DEBUG 2026-09-06 03:16:24 ocstring.py:253 Warning: Unable to parse attribute docstring:         default=10.0, metadata={"help": "Maximum guided RTC correction weight"}
DEBUG 2026-09-06 03:16:24 _wrapper.py:309 Arg options for field 'rtc_max_guidance_weight': {'required': False, 'dest': 'rtc_max_guidance_weight', 'default': 10.0, 'help': '\n', 'type': <class 'float'>}
DEBUG 2026-09-06 03:16:24 ocstring.py:253 Warning: Unable to parse attribute docstring:         default="EXP", metadata={"help": "RTC prefix attention schedule: ZEROS, ONES, LINEAR, or EXP"}
DEBUG 2026-09-06 03:16:24 _wrapper.py:309 Arg options for field 'rtc_prefix_attention_schedule': {'required': False, 'dest': 'rtc_prefix_attention_schedule', 'default': 'EXP', 'help': '\n', 'type': <class 'str'>}
DEBUG 2026-09-06 03:16:24 gparsing.py:143 
POST PROCESSING

DEBUG 2026-09-06 03:16:24 gparsing.py:144 (raw) parsed args: Namespace(backend='grpc', server_address='192.168.1.9:8080', policy_type='smolvla', pretrained_name_or_path='/home/cai/rby1-lerobot/cai-rby1-lerobot/outputs/smolVLA_left_bs32_ViT_VLM_expert/checkpoints/020000/pretrained_model', policy_device='cuda', client_device='cpu', actions_per_chunk='50', chunk_size_threshold='0.5', aggregate_fn_name='cosine_ramp', task='Pick up the bowl and place it in the box.', fps='15', image_resize_scale='1.0', jpeg_compression='true', save_camera_images='true', camera_image_save_every_n='1', **{'robot.type': 'rby1', 'robot.address': '192.168.1.201:50051', 'robot.model': 'auto', 'robot.use_right_arm': 'true', 'robot.use_left_arm': 'true', 'robot.use_torso': 'false', 'robot.use_mobile_base': 'false', 'robot.use_gripper': 'true', 'robot.action_mode': 'joint', 'robot.cameras': '{\n    "camera1": {\n      "type": "intelrealsense",\n      "serial_number_or_name": "260322274450",\n      "fps": 15,\n      "width": 640,\n      "height": 480,\n      "exposure": 8333,\n      "gain": 16\n    },\n    "camera2": {\n      "type": "intelrealsense",\n      "serial_number_or_name": "260322274992",\n      "fps": 15,\n      "width": 640,\n      "height": 480,\n      "exposure": 8333,\n      "gain": 16\n    },\n    "camera3": {\n      "type": "intelrealsense",\n      "serial_number_or_name": "260322276006",\n      "fps": 15,\n      "width": 640,\n      "height": 480,\n      "exposure": 8333,\n      "gain": 16\n    }\n  }', 'robot.use_impedance': 'true', 'robot.impedance_damping_ratio': '1.0'})
DEBUG 2026-09-06 03:16:24 decoding.py:112 from_dict for <class 'lerobot_async_inference.configs.RobotClientConfig'>
DEBUG 2026-09-06 03:16:24 decoding.py:132 Decode name = robot, type = <class 'lerobot.robots.config.RobotConfig'>
DEBUG 2026-09-06 03:16:24 decoding.py:112 from_dict for <class 'lerobot_robot_rby1.config_rby1.Rby1Config'>
DEBUG 2026-09-06 03:16:24 decoding.py:132 Decode name = address, type = <class 'str'>
DEBUG 2026-09-06 03:16:24 decoding.py:132 Decode name = model, type = <class 'str'>
DEBUG 2026-09-06 03:16:24 decoding.py:132 Decode name = use_gripper, type = <class 'bool'>
DEBUG 2026-09-06 03:16:24 decoding.py:132 Decode name = cameras, type = dict[str, lerobot.cameras.configs.CameraConfig]
DEBUG 2026-09-06 03:16:24 decoding.py:261 Decoding a Dict field: dict[str, lerobot.cameras.configs.CameraConfig]
DEBUG 2026-09-06 03:16:24 decoding.py:112 from_dict for <class 'lerobot.cameras.realsense.configuration_realsense.RealSenseCameraConfig'>
DEBUG 2026-09-06 03:16:24 decoding.py:132 Decode name = fps, type = typing.Optional[int]
DEBUG 2026-09-06 03:16:24 decoding.py:293 Decoding a Union field: typing.Optional[int]
DEBUG 2026-09-06 03:16:24 decoding.py:132 Decode name = width, type = typing.Optional[int]
DEBUG 2026-09-06 03:16:24 decoding.py:132 Decode name = height, type = typing.Optional[int]
DEBUG 2026-09-06 03:16:24 decoding.py:132 Decode name = serial_number_or_name, type = <class 'str'>
DEBUG 2026-09-06 03:16:24 decoding.py:132 Decode name = exposure, type = typing.Optional[int]
DEBUG 2026-09-06 03:16:24 decoding.py:132 Decode name = gain, type = typing.Optional[int]
DEBUG 2026-09-06 03:16:24 decoding.py:112 from_dict for <class 'lerobot.cameras.realsense.configuration_realsense.RealSenseCameraConfig'>
DEBUG 2026-09-06 03:16:24 decoding.py:132 Decode name = fps, type = typing.Optional[int]
DEBUG 2026-09-06 03:16:24 decoding.py:132 Decode name = width, type = typing.Optional[int]
DEBUG 2026-09-06 03:16:24 decoding.py:132 Decode name = height, type = typing.Optional[int]
DEBUG 2026-09-06 03:16:24 decoding.py:132 Decode name = serial_number_or_name, type = <class 'str'>
DEBUG 2026-09-06 03:16:24 decoding.py:132 Decode name = exposure, type = typing.Optional[int]
DEBUG 2026-09-06 03:16:24 decoding.py:132 Decode name = gain, type = typing.Optional[int]
DEBUG 2026-09-06 03:16:24 decoding.py:112 from_dict for <class 'lerobot.cameras.realsense.configuration_realsense.RealSenseCameraConfig'>
DEBUG 2026-09-06 03:16:24 decoding.py:132 Decode name = fps, type = typing.Optional[int]
DEBUG 2026-09-06 03:16:24 decoding.py:132 Decode name = width, type = typing.Optional[int]
DEBUG 2026-09-06 03:16:24 decoding.py:132 Decode name = height, type = typing.Optional[int]
DEBUG 2026-09-06 03:16:24 decoding.py:132 Decode name = serial_number_or_name, type = <class 'str'>
DEBUG 2026-09-06 03:16:24 decoding.py:132 Decode name = exposure, type = typing.Optional[int]
DEBUG 2026-09-06 03:16:24 decoding.py:132 Decode name = gain, type = typing.Optional[int]
DEBUG 2026-09-06 03:16:24 decoding.py:132 Decode name = use_torso, type = <class 'bool'>
DEBUG 2026-09-06 03:16:24 decoding.py:132 Decode name = use_right_arm, type = <class 'bool'>
DEBUG 2026-09-06 03:16:24 decoding.py:132 Decode name = use_left_arm, type = <class 'bool'>
DEBUG 2026-09-06 03:16:24 decoding.py:132 Decode name = action_mode, type = <class 'str'>
DEBUG 2026-09-06 03:16:24 decoding.py:132 Decode name = use_mobile_base, type = <class 'bool'>
DEBUG 2026-09-06 03:16:24 decoding.py:132 Decode name = use_impedance, type = <class 'bool'>
DEBUG 2026-09-06 03:16:24 decoding.py:132 Decode name = impedance_damping_ratio, type = <class 'float'>
DEBUG 2026-09-06 03:16:24 decoding.py:132 Decode name = actions_per_chunk, type = <class 'int'>
DEBUG 2026-09-06 03:16:24 decoding.py:132 Decode name = backend, type = <class 'str'>
DEBUG 2026-09-06 03:16:24 decoding.py:132 Decode name = policy_type, type = <class 'str'>
DEBUG 2026-09-06 03:16:24 decoding.py:132 Decode name = pretrained_name_or_path, type = <class 'str'>
DEBUG 2026-09-06 03:16:24 decoding.py:132 Decode name = task, type = <class 'str'>
DEBUG 2026-09-06 03:16:24 decoding.py:132 Decode name = server_address, type = <class 'str'>
DEBUG 2026-09-06 03:16:24 decoding.py:132 Decode name = policy_device, type = <class 'str'>
DEBUG 2026-09-06 03:16:24 decoding.py:132 Decode name = client_device, type = <class 'str'>
DEBUG 2026-09-06 03:16:24 decoding.py:132 Decode name = chunk_size_threshold, type = <class 'float'>
DEBUG 2026-09-06 03:16:24 decoding.py:132 Decode name = fps, type = <class 'int'>
DEBUG 2026-09-06 03:16:24 decoding.py:132 Decode name = image_resize_scale, type = <class 'float'>
DEBUG 2026-09-06 03:16:24 decoding.py:132 Decode name = jpeg_compression, type = <class 'bool'>
DEBUG 2026-09-06 03:16:24 decoding.py:132 Decode name = save_camera_images, type = <class 'bool'>
DEBUG 2026-09-06 03:16:24 decoding.py:132 Decode name = camera_image_save_every_n, type = <class 'int'>
DEBUG 2026-09-06 03:16:24 decoding.py:132 Decode name = aggregate_fn_name, type = <class 'str'>
INFO 2026-09-06 03:16:24 _client.py:1440 {'actions_per_chunk': 50,
 'aggregate_fn_name': 'cosine_ramp',
 'backend': 'grpc',
 'camera_image_log_dir': 'logs/camera_capture',
 'camera_image_save_every_n': 1,
 'chunk_size_threshold': 0.5,
 'client_device': 'cpu',
 'debug_visualize_queue_size': False,
 'fps': 15,
 'front_camera_key': 'front',
 'image_crop_params': {},
 'image_resize_scale': 1.0,
 'jpeg_compression': True,
 'left_wrist_camera_key': 'left',
 'policy_device': 'cuda',
 'policy_type': 'smolvla',
 'pretrained_name_or_path': '/home/cai/rby1-lerobot/cai-rby1-lerobot/outputs/smolVLA_left_bs32_ViT_VLM_expert/checkpoints/020000/pretrained_model',
 'right_wrist_camera_key': 'right',
 'robot': {'acceleration_limit_scale': 30.0,
           'action_mode': 'joint',
           'address': '192.168.1.201:50051',
           'arm_target_gains_pc': (3.0,
                                   6.283185307179586,
                                   150.0,
                                   251.32741228718345),
           'arm_target_gains_wb': (2.0,
                                   6.283185307179586,
                                   20.0,
                                   251.32741228718345),
           'calibration_dir': None,
           'cameras': {'camera1': {'color_mode': <ColorMode.RGB: 'rgb'>,
                                   'exposure': 8333,
                                   'fps': 15,
                                   'gain': 16,
                                   'height': 480,
                                   'rotation': <Cv2Rotation.NO_ROTATION: 0>,
                                   'serial_number_or_name': '260322274450',
                                   'use_depth': False,
                                   'use_rgb': True,
                                   'warmup_s': 1,
                                   'white_balance': None,
                                   'width': 640},
                       'camera2': {'color_mode': <ColorMode.RGB: 'rgb'>,
                                   'exposure': 8333,
                                   'fps': 15,
                                   'gain': 16,
                                   'height': 480,
                                   'rotation': <Cv2Rotation.NO_ROTATION: 0>,
                                   'serial_number_or_name': '260322274992',
                                   'use_depth': False,
                                   'use_rgb': True,
                                   'warmup_s': 1,
                                   'white_balance': None,
                                   'width': 640},
                       'camera3': {'color_mode': <ColorMode.RGB: 'rgb'>,
                                   'exposure': 8333,
                                   'fps': 15,
                                   'gain': 16,
                                   'height': 480,
                                   'rotation': <Cv2Rotation.NO_ROTATION: 0>,
                                   'serial_number_or_name': '260322276006',
                                   'use_depth': False,
                                   'use_rgb': True,
                                   'warmup_s': 1,
                                   'white_balance': None,
                                   'width': 640}},
           'connect_timeout_sec': 3.0,
           'ee_dt': 0.06666666666666667,
           'ee_hold_time': 30.0,
           'ee_reset_position_threshold': 0.1,
           'ee_reset_rotation_threshold': 0.5,
           'ee_whole_body': False,
           'id': None,
           'impedance_damping_ratio': 1.0,
           'impedance_stiffness': [400.0,
                                   400.0,
                                   400.0,
                                   400.0,
                                   400.0,
                                   400.0,
                                   150.0,
                                   150.0,
                                   150.0,
                                   150.0,
                                   150.0,
                                   150.0,
                                   150.0,
                                   150.0,
                                   150.0,
                                   150.0,
                                   150.0,
                                   150.0,
                                   150.0,
                                   150.0],
           'impedance_torque_limit': [500.0,
                                      500.0,
                                      500.0,
                                      500.0,
                                      500.0,
                                      500.0,
                                      40.0,
                                      40.0,
                                      40.0,
                                      40.0,
                                      40.0,
                                      40.0,
                                      40.0,
                                      40.0,
                                      40.0,
                                      40.0,
                                      40.0,
                                      40.0,
                                      40.0,
                                      40.0],
           'left_arm_damping_ratio': 0.4,
           'left_arm_joint_limits': {'left_arm_3': (-2.6, -0.5)},
           'left_arm_stiffness': [60.0, 60.0, 60.0, 50.0, 50.0, 50.0, 50.0],
           'left_arm_torque_limit': [40.0, 40.0, 40.0, 30.0, 30.0, 30.0, 30.0],
           'min_time_factor_pc': 1.02,
           'min_time_factor_wb': 1.01,
           'model': 'auto',
           'move_to_ready_on_connect': True,
           'normal_min_time': 0.07,
           'null_left_arm_deg': [40.0, 30.0, -5.0, -135.0, 10.0, 20.0, -40.0],
           'null_right_arm_deg': [40.0, -30.0, -5.0, -135.0, -10.0, 20.0, 40.0],
           'nullspace_damping_ratio': 0.3,
           'nullspace_stiffness': 0.2,
           'nullspace_weight': [2.0, 2.0, 2.0, 2.0, 2.0, 2.0, 1.0],
           'reset_left_arm_on_record': False,
           'reset_right_arm_on_record': False,
           'right_arm_damping_ratio': 0.6,
           'right_arm_joint_limits': {'right_arm_3': (-2.6, -0.5)},
           'right_arm_stiffness': [90.0, 90.0, 90.0, 70.0, 70.0, 70.0, 70.0],
           'right_arm_torque_limit': [40.0, 40.0, 40.0, 30.0, 30.0, 30.0, 30.0],
           'startup_min_time': 5.0,
           'startup_ramp_duration': 5.0,
           'torso_damping_ratio': 0.7,
           'torso_joint_limits': {'torso_1': (-0.523598776, 1.6),
                                  'torso_2': (-2.617993878, -0.2)},
           'torso_stiffness': [1700.0, 1700.0, 1700.0, 1700.0, 1700.0, 1700.0],
           'torso_target_gains_pc': (1.0,
                                     1.5707963267948966,
                                     20.0,
                                     125.66370614359172),
           'torso_target_gains_wb': (1.0,
                                     1.5707963267948966,
                                     10.0,
                                     62.83185307179586),
           'torso_torque_limit': [600.0, 600.0, 600.0, 600.0, 600.0, 600.0],
           'use_gripper': True,
           'use_impedance': True,
           'use_left_arm': True,
           'use_mobile_base': False,
           'use_right_arm': True,
           'use_torque': False,
           'use_torso': False,
           'use_velocity': False,
           'version': 'auto',
           'wb_joint_limits': {'left_arm_3': (-2.6, -0.5),
                               'left_arm_5': (0.2, 1.9),
                               'right_arm_3': (-2.6, -0.5),
                               'right_arm_5': (0.2, 1.9),
                               'torso_1': (-0.523598776, 1.3),
                               'torso_2': (-2.617993878, -0.2)},
           'wb_joint_stiffness': [400.0,
                                  400.0,
                                  400.0,
                                  400.0,
                                  400.0,
                                  400.0,
                                  60.0,
                                  60.0,
                                  60.0,
                                  60.0,
                                  60.0,
                                  60.0,
                                  60.0,
                                  60.0,
                                  60.0,
                                  60.0,
                                  60.0,
                                  60.0,
                                  60.0,
                                  60.0],
           'wb_joint_torque_limit': [500.0,
                                     500.0,
                                     500.0,
                                     500.0,
                                     500.0,
                                     500.0,
                                     30.0,
                                     30.0,
                                     30.0,
                                     30.0,
                                     30.0,
                                     30.0,
                                     30.0,
                                     30.0,
                                     30.0,
                                     30.0,
                                     30.0,
                                     30.0,
                                     30.0,
                                     30.0],
           'wrist_velocity_limit_scale': 10.0},
 'rtc_enabled': False,
 'rtc_execution_horizon': 10,
 'rtc_max_guidance_weight': 10.0,
 'rtc_mode': 'guided',
 'rtc_prefix_attention_schedule': 'EXP',
 'save_camera_images': True,
 'server_address': '192.168.1.9:8080',
 'task': 'Pick up the bowl and place it in the box.',
 'trajectory_postprocess': {'active_model': None,
                            'arms': {'acceleration_limits': {},
                                     'jerk_limits': {},
                                     'position_limits': {},
                                     'velocity_limits': {}},
                            'control_rate_hz': 500.0,
                            'enabled': False,
                            'grippers': {'mode': 'passthrough',
                                         'rate_limits': {}},
                            'interpolation': 'jerk_limited',
                            'limits_source': 'active_urdf',
                            'profile': 'balanced',
                            'sdk_models_dir': '/home/nvidia/rby1-sdk/models',
                            'urdf_version': None},
 'zmq_timeout_ms': 10000}
DEBUG 2026-09-06 03:16:24 ort_utils.py:65 Detected pyrealsense2 version: 2.56.5
INFO 2026-09-06 03:16:24 by1/rby1.py:270 Connecting to RB-Y1 at 192.168.1.201:50051 ...
INFO 2026-09-06 03:16:24 el_probe.py:103 Detected RB-Y1 model='a' version='1.2' (raw_name='a', raw_version='v1.2')
INFO 2026-09-06 03:16:24 by1/rby1.py:286 Using RB-Y1 model='a' version='1.2'.
INFO 2026-09-06 03:16:24 by1/rby1.py:332 URDF limits loaded: max_qdot range=[2.09, 20.94] rad/s, max_qddot range=[3.14, 10.00] rad/s^2 (acc scale=30.0x)
INFO 2026-09-06 03:16:25 1/gripper.py:61 Gripper USB latency_timer set to 1ms.
INFO 2026-09-06 03:16:25 /gripper.py:114 Homing grippers (3 s per direction) ...
INFO 2026-09-06 03:16:31 /gripper.py:160 [Gripper] right (ID=0): open_rad=4.0236, close_rad=8.5075, span=4.4838 rad
INFO 2026-09-06 03:16:31 /gripper.py:160 [Gripper] left (ID=1): open_rad=3.0081, close_rad=7.5150, span=4.5068 rad
INFO 2026-09-06 03:16:31 1/gripper.py:72 Rby1Gripper connected and homed.
INFO 2026-09-06 03:16:32 ealsense.py:461 RealSenseCamera(260322274450) color stream is provided by 'Stereo Module'.
INFO 2026-09-06 03:16:32 ealsense.py:524 RealSenseCamera(260322274450) auto-exposure disabled.
INFO 2026-09-06 03:16:32 ealsense.py:533 RealSenseCamera(260322274450) exposure set to 8333.
INFO 2026-09-06 03:16:32 ealsense.py:537 RealSenseCamera(260322274450) gain set to 16.
INFO 2026-09-06 03:16:33 ealsense.py:298 RealSenseCamera(260322274450) connected.
INFO 2026-09-06 03:16:33 ealsense.py:461 RealSenseCamera(260322274992) color stream is provided by 'Stereo Module'.
INFO 2026-09-06 03:16:33 ealsense.py:524 RealSenseCamera(260322274992) auto-exposure disabled.
INFO 2026-09-06 03:16:33 ealsense.py:533 RealSenseCamera(260322274992) exposure set to 8333.
INFO 2026-09-06 03:16:33 ealsense.py:537 RealSenseCamera(260322274992) gain set to 16.
INFO 2026-09-06 03:16:34 ealsense.py:298 RealSenseCamera(260322274992) connected.
INFO 2026-09-06 03:16:34 ealsense.py:461 RealSenseCamera(260322276006) color stream is provided by 'Stereo Module'.
INFO 2026-09-06 03:16:34 ealsense.py:524 RealSenseCamera(260322276006) auto-exposure disabled.
INFO 2026-09-06 03:16:34 ealsense.py:533 RealSenseCamera(260322276006) exposure set to 8333.
INFO 2026-09-06 03:16:34 ealsense.py:537 RealSenseCamera(260322276006) gain set to 16.
INFO 2026-09-06 03:16:35 ealsense.py:298 RealSenseCamera(260322276006) connected.
INFO 2026-09-06 03:16:35 by1/rby1.py:422 RB-Y1 configured: cutoff_frequency=5 Hz.
INFO 2026-09-06 03:16:35 by1/rby1.py:371 None Rby1 connected.
INFO 2026-09-06 03:16:35 by1/rby1.py:470 Moving to ready pose ...
INFO 2026-09-06 03:16:41 by1/rby1.py:494 Ready pose reached.
INFO 2026-09-06 03:16:41 t_client.py:239 Camera image capture enabled: directory=logs/camera_capture/20260906_031622 | cameras=['camera1', 'camera2', 'camera3'] | every_n=1
INFO 2026-09-06 03:16:41 t_client.py:273 Initializing client to connect to server at 192.168.1.9:8080
INFO 2026-09-06 03:16:41 t_client.py:274 Image transport: resize scale = 1.000, JPEG compression = True, JPEG quality = 85
INFO 2026-09-06 03:16:41 t_client.py:360 Robot connected and ready
DEBUG 2026-09-06 03:16:41 t_client.py:403 Connected to policy server in 0.0106s
INFO 2026-09-06 03:16:41 t_client.py:409 Sending policy instructions to policy server
DEBUG 2026-09-06 03:16:41 t_client.py:410 Policy type: smolvla | Pretrained name or path: /home/cai/rby1-lerobot/cai-rby1-lerobot/outputs/smolVLA_left_bs32_ViT_VLM_expert/checkpoints/020000/pretrained_model | Device: cuda
INFO 2026-09-06 03:16:54 _client.py:1452 Starting gRPC action receiver thread...
INFO 2026-09-06 03:16:54 _client.py:1398 Control loop thread starting
INFO 2026-09-06 03:16:54 t_client.py:674 Action receiving thread starting
DEBUG 2026-09-06 03:16:54 t_client.py:512 Image transport preprocessing: images=3 | resize=0.000ms | JPEG encode=10.573ms | total=10.781ms | original=2764800 bytes | transport=88535 bytes | compression=31.23x
DEBUG 2026-09-06 03:16:54 t_client.py:535 Observation serialization time: 0.000093s
DEBUG 2026-09-06 03:16:54 ort/utils.py:54 [CLIENT] Observation Buffer size 0.08524894714355469 MB with
DEBUG 2026-09-06 03:16:54 ort/utils.py:69 [CLIENT] Observation Sent 89390/89390 bytes with state 3
DEBUG 2026-09-06 03:16:54 ort/utils.py:71 [CLIENT] Observation Published 0.08524894714355469 MB
DEBUG 2026-09-06 03:16:54 t_client.py:546 Sent observation #0 | 
DEBUG 2026-09-06 03:16:54 _client.py:1073 QUEUE SIZE: 0 (Must go: True)
DEBUG 2026-09-06 03:16:54 _client.py:1428 Control loop (ms): 42.68
DEBUG 2026-09-06 03:16:54 _client.py:1428 Control loop (ms): 0.05
DEBUG 2026-09-06 03:16:54 _client.py:1428 Control loop (ms): 0.04
DEBUG 2026-09-06 03:16:54 _client.py:1428 Control loop (ms): 0.04
DEBUG 2026-09-06 03:16:54 _client.py:1428 Control loop (ms): 0.04
DEBUG 2026-09-06 03:16:54 _client.py:1428 Control loop (ms): 0.04
DEBUG 2026-09-06 03:16:55 _client.py:1428 Control loop (ms): 0.04
DEBUG 2026-09-06 03:16:55 _client.py:1428 Control loop (ms): 0.04
DEBUG 2026-09-06 03:16:55 _client.py:1428 Control loop (ms): 0.04
DEBUG 2026-09-06 03:16:55 _client.py:1428 Control loop (ms): 0.04
DEBUG 2026-09-06 03:16:55 _client.py:1428 Control loop (ms): 0.04
DEBUG 2026-09-06 03:16:55 _client.py:1428 Control loop (ms): 0.04
DEBUG 2026-09-06 03:16:55 _client.py:1428 Control loop (ms): 0.03
DEBUG 2026-09-06 03:16:55 _client.py:1428 Control loop (ms): 0.04
DEBUG 2026-09-06 03:16:55 _client.py:1428 Control loop (ms): 0.04
DEBUG 2026-09-06 03:16:55 _client.py:1428 Control loop (ms): 0.04
DEBUG 2026-09-06 03:16:55 _client.py:1428 Control loop (ms): 0.04
DEBUG 2026-09-06 03:16:55 _client.py:1428 Control loop (ms): 0.04
DEBUG 2026-09-06 03:16:55 t_client.py:700 Received actions on device: cpu
DEBUG 2026-09-06 03:16:55 t_client.py:710 Actions kept on device: cpu
INFO 2026-09-06 03:16:55 by1/rby1.py:654 Startup ramp started: minimum_time decreases from 5.00s -> 0.07s over 5.0s.
DEBUG 2026-09-06 03:16:55 by1/rby1.py:813 [ramp] elapsed=0.00s progress=0.000 min_time=5.000s
DEBUG 2026-09-06 03:16:55 by1/rby1.py:663 [impedance] stiffness=[400.0, 400.0, 400.0, 400.0, 400.0, 400.0, 150.0, 150.0, 150.0, 150.0, 150.0, 150.0, 150.0, 150.0, 150.0, 150.0, 150.0, 150.0, 150.0, 150.0], torque_limit=[500.0, 500.0, 500.0, 500.0, 500.0, 500.0, 40.0, 40.0, 40.0, 40.0, 40.0, 40.0, 40.0, 40.0, 40.0, 40.0, 40.0, 40.0, 40.0, 40.0], damping=1.0
DEBUG 2026-09-06 03:16:55 /gripper.py:183 [Gripper] set_positions: normalized=[0. 0.], target_rad=[4.0236 3.0081]
DEBUG 2026-09-06 03:16:55 _client.py:1428 Control loop (ms): 16.07
DEBUG 2026-09-06 03:16:55 by1/rby1.py:813 [ramp] elapsed=0.07s progress=0.013 min_time=4.935s
DEBUG 2026-09-06 03:16:55 by1/rby1.py:663 [impedance] stiffness=[400.0, 400.0, 400.0, 400.0, 400.0, 400.0, 150.0, 150.0, 150.0, 150.0, 150.0, 150.0, 150.0, 150.0, 150.0, 150.0, 150.0, 150.0, 150.0, 150.0], torque_limit=[500.0, 500.0, 500.0, 500.0, 500.0, 500.0, 40.0, 40.0, 40.0, 40.0, 40.0, 40.0, 40.0, 40.0, 40.0, 40.0, 40.0, 40.0, 40.0, 40.0], damping=1.0
DEBUG 2026-09-06 03:16:55 /gripper.py:183 [Gripper] set_positions: normalized=[0. 0.], target_rad=[4.0236 3.0081]
DEBUG 2026-09-06 03:16:55 _client.py:1428 Control loop (ms): 12.05
DEBUG 2026-09-06 03:16:55 by1/rby1.py:813 [ramp] elapsed=0.13s progress=0.027 min_time=4.869s
DEBUG 2026-09-06 03:16:55 by1/rby1.py:663 [impedance] stiffness=[400.0, 400.0, 400.0, 400.0, 400.0, 400.0, 150.0, 150.0, 150.0, 150.0, 150.0, 150.0, 150.0, 150.0, 150.0, 150.0, 150.0, 150.0, 150.0, 150.0], torque_limit=[500.0, 500.0, 500.0, 500.0, 500.0, 500.0, 40.0, 40.0, 40.0, 40.0, 40.0, 40.0, 40.0, 40.0, 40.0, 40.0, 40.0, 40.0, 40.0, 40.0], damping=1.0
DEBUG 2026-09-06 03:16:56 /gripper.py:183 [Gripper] set_positions: normalized=[0. 0.], target_rad=[4.0236 3.0081]
DEBUG 2026-09-06 03:16:56 _client.py:1428 Control loop (ms): 11.42
DEBUG 2026-09-06 03:16:56 by1/rby1.py:813 [ramp] elapsed=0.20s progress=0.040 min_time=4.803s
DEBUG 2026-09-06 03:16:56 by1/rby1.py:663 [impedance] stiffness=[400.0, 400.0, 400.0, 400.0, 400.0, 400.0, 150.0, 150.0, 150.0, 150.0, 150.0, 150.0, 150.0, 150.0, 150.0, 150.0, 150.0, 150.0, 150.0, 150.0], torque_limit=[500.0, 500.0, 500.0, 500.0, 500.0, 500.0, 40.0, 40.0, 40.0, 40.0, 40.0, 40.0, 40.0, 40.0, 40.0, 40.0, 40.0, 40.0, 40.0, 40.0], damping=1.0
DEBUG 2026-09-06 03:16:56 /gripper.py:183 [Gripper] set_positions: normalized=[0. 0.], target_rad=[4.0236 3.0081]
DEBUG 2026-09-06 03:16:56 _client.py:1428 Control loop (ms): 9.98
DEBUG 2026-09-06 03:16:56 by1/rby1.py:813 [ramp] elapsed=0.27s progress=0.053 min_time=4.737s
DEBUG 2026-09-06 03:16:56 by1/rby1.py:663 [impedance] stiffness=[400.0, 400.0, 400.0, 400.0, 400.0, 400.0, 150.0, 150.0, 150.0, 150.0, 150.0, 150.0, 150.0, 150.0, 150.0, 150.0, 150.0, 150.0, 150.0, 150.0], torque_limit=[500.0, 500.0, 500.0, 500.0, 500.0, 500.0, 40.0, 40.0, 40.0, 40.0, 40.0, 40.0, 40.0, 40.0, 40.0, 40.0, 40.0, 40.0, 40.0, 40.0], damping=1.0
DEBUG 2026-09-06 03:16:56 /gripper.py:183 [Gripper] set_positions: normalized=[0. 0.], target_rad=[4.0236 3.0081]
DEBUG 2026-09-06 03:16:56 _client.py:1428 Control loop (ms): 11.76
DEBUG 2026-09-06 03:16:56 by1/rby1.py:813 [ramp] elapsed=0.33s progress=0.067 min_time=4.671s
DEBUG 2026-09-06 03:16:56 by1/rby1.py:663 [impedance] stiffness=[400.0, 400.0, 400.0, 400.0, 400.0, 400.0, 150.0, 150.0, 150.0, 150.0, 150.0, 150.0, 150.0, 150.0, 150.0, 150.0, 150.0, 150.0, 150.0, 150.0], torque_limit=[500.0, 500.0, 500.0, 500.0, 500.0, 500.0, 40.0, 40.0, 40.0, 40.0, 40.0, 40.0, 40.0, 40.0, 40.0, 40.0, 40.0, 40.0, 40.0, 40.0], damping=1.0
DEBUG 2026-09-06 03:16:56 /gripper.py:183 [Gripper] set_positions: normalized=[0. 0.], target_rad=[4.0236 3.0081]
DEBUG 2026-09-06 03:16:56 _client.py:1428 Control loop (ms): 10.89
DEBUG 2026-09-06 03:16:56 by1/rby1.py:813 [ramp] elapsed=0.40s progress=0.080 min_time=4.606s
DEBUG 2026-09-06 03:16:56 by1/rby1.py:663 [impedance] stiffness=[400.0, 400.0, 400.0, 400.0, 400.0, 400.0, 150.0, 150.0, 150.0, 150.0, 150.0, 150.0, 150.0, 150.0, 150.0, 150.0, 150.0, 150.0, 150.0, 150.0], torque_limit=[500.0, 500.0, 500.0, 500.0, 500.0, 500.0, 40.0, 40.0, 40.0, 40.0, 40.0, 40.0, 40.0, 40.0, 40.0, 40.0, 40.0, 40.0, 40.0, 40.0], damping=1.0
DEBUG 2026-09-06 03:16:56 /gripper.py:183 [Gripper] set_positions: normalized=[0. 0.], target_rad=[4.0236 3.0081]
DEBUG 2026-09-06 03:16:56 _client.py:1428 Control loop (ms): 14.25
DEBUG 2026-09-06 03:16:56 by1/rby1.py:813 [ramp] elapsed=0.47s progress=0.093 min_time=4.540s
DEBUG 2026-09-06 03:16:56 by1/rby1.py:663 [impedance] stiffness=[400.0, 400.0, 400.0, 400.0, 400.0, 400.0, 150.0, 150.0, 150.0, 150.0, 150.0, 150.0, 150.0, 150.0, 150.0, 150.0, 150.0, 150.0, 150.0, 150.0], torque_limit=[500.0, 500.0, 500.0, 500.0, 500.0, 500.0, 40.0, 40.0, 40.0, 40.0, 40.0, 40.0, 40.0, 40.0, 40.0, 40.0, 40.0, 40.0, 40.0, 40.0], damping=1.0
DEBUG 2026-09-06 03:16:56 /gripper.py:183 [Gripper] set_positions: normalized=[0. 0.], target_rad=[4.0236 3.0081]
DEBUG 2026-09-06 03:16:56 t_client.py:512 Image transport preprocessing: images=3 | resize=0.000ms | JPEG encode=13.179ms | total=13.447ms | original=2764800 bytes | transport=87339 bytes | compression=31.66x
DEBUG 2026-09-06 03:16:56 t_client.py:535 Observation serialization time: 0.000129s
DEBUG 2026-09-06 03:16:56 ort/utils.py:54 [CLIENT] Observation Buffer size 0.08410835266113281 MB with
DEBUG 2026-09-06 03:16:56 ort/utils.py:69 [CLIENT] Observation Sent 88194/88194 bytes with state 3
DEBUG 2026-09-06 03:16:56 ort/utils.py:71 [CLIENT] Observation Published 0.08410835266113281 MB
DEBUG 2026-09-06 03:16:56 t_client.py:546 Sent observation #24 | 
DEBUG 2026-09-06 03:16:56 _client.py:1073 QUEUE SIZE: 25 (Must go: True)
DEBUG 2026-09-06 03:16:56 _client.py:1428 Control loop (ms): 55.53
DEBUG 2026-09-06 03:16:56 by1/rby1.py:813 [ramp] elapsed=0.53s progress=0.107 min_time=4.474s
DEBUG 2026-09-06 03:16:56 by1/rby1.py:663 [impedance] stiffness=[400.0, 400.0, 400.0, 400.0, 400.0, 400.0, 150.0, 150.0, 150.0, 150.0, 150.0, 150.0, 150.0, 150.0, 150.0, 150.0, 150.0, 150.0, 150.0, 150.0], torque_limit=[500.0, 500.0, 500.0, 500.0, 500.0, 500.0, 40.0, 40.0, 40.0, 40.0, 40.0, 40.0, 40.0, 40.0, 40.0, 40.0, 40.0, 40.0, 40.0, 40.0], damping=1.0
DEBUG 2026-09-06 03:16:56 /gripper.py:183 [Gripper] set_positions: normalized=[0. 0.], target_rad=[4.0236 3.0081]
DEBUG 2026-09-06 03:16:56 _client.py:1428 Control loop (ms): 10.74
DEBUG 2026-09-06 03:16:56 by1/rby1.py:813 [ramp] elapsed=0.60s progress=0.120 min_time=4.408s
DEBUG 2026-09-06 03:16:56 by1/rby1.py:663 [impedance] stiffness=[400.0, 400.0, 400.0, 400.0, 400.0, 400.0, 150.0, 150.0, 150.0, 150.0, 150.0, 150.0, 150.0, 150.0, 150.0, 150.0, 150.0, 150.0, 150.0, 150.0], torque_limit=[500.0, 500.0, 500.0, 500.0, 500.0, 500.0, 40.0, 40.0, 40.0, 40.0, 40.0, 40.0, 40.0, 40.0, 40.0, 40.0, 40.0, 40.0, 40.0, 40.0], damping=1.0
DEBUG 2026-09-06 03:16:56 /gripper.py:183 [Gripper] set_positions: normalized=[0. 0.], target_rad=[4.0236 3.0081]
DEBUG 2026-09-06 03:16:56 _client.py:1428 Control loop (ms): 14.88
DEBUG 2026-09-06 03:16:56 by1/rby1.py:813 [ramp] elapsed=0.67s progress=0.133 min_time=4.342s
DEBUG 2026-09-06 03:16:56 by1/rby1.py:663 [impedance] stiffness=[400.0, 400.0, 400.0, 400.0, 400.0, 400.0, 150.0, 150.0, 150.0, 150.0, 150.0, 150.0, 150.0, 150.0, 150.0, 150.0, 150.0, 150.0, 150.0, 150.0], torque_limit=[500.0, 500.0, 500.0, 500.0, 500.0, 500.0, 40.0, 40.0, 40.0, 40.0, 40.0, 40.0, 40.0, 40.0, 40.0, 40.0, 40.0, 40.0, 40.0, 40.0], damping=1.0
DEBUG 2026-09-06 03:16:56 /gripper.py:183 [Gripper] set_positions: normalized=[0. 0.], target_rad=[4.0236 3.0081]
DEBUG 2026-09-06 03:16:56 _client.py:1428 Control loop (ms): 11.16
DEBUG 2026-09-06 03:16:56 by1/rby1.py:813 [ramp] elapsed=0.73s progress=0.147 min_time=4.276s
DEBUG 2026-09-06 03:16:56 by1/rby1.py:663 [impedance] stiffness=[400.0, 400.0, 400.0, 400.0, 400.0, 400.0, 150.0, 150.0, 150.0, 150.0, 150.0, 150.0, 150.0, 150.0, 150.0, 150.0, 150.0, 150.0, 150.0, 150.0], torque_limit=[500.0, 500.0, 500.0, 500.0, 500.0, 500.0, 40.0, 40.0, 40.0, 40.0, 40.0, 40.0, 40.0, 40.0, 40.0, 40.0, 40.0, 40.0, 40.0, 40.0], damping=1.0
DEBUG 2026-09-06 03:16:56 /gripper.py:183 [Gripper] set_positions: normalized=[0. 0.], target_rad=[4.0236 3.0081]
DEBUG 2026-09-06 03:16:56 _client.py:1428 Control loop (ms): 10.25
DEBUG 2026-09-06 03:16:56 by1/rby1.py:813 [ramp] elapsed=0.81s progress=0.161 min_time=4.204s
DEBUG 2026-09-06 03:16:56 by1/rby1.py:663 [impedance] stiffness=[400.0, 400.0, 400.0, 400.0, 400.0, 400.0, 150.0, 150.0, 150.0, 150.0, 150.0, 150.0, 150.0, 150.0, 150.0, 150.0, 150.0, 150.0, 150.0, 150.0], torque_limit=[500.0, 500.0, 500.0, 500.0, 500.0, 500.0, 40.0, 40.0, 40.0, 40.0, 40.0, 40.0, 40.0, 40.0, 40.0, 40.0, 40.0, 40.0, 40.0, 40.0], damping=1.0
DEBUG 2026-09-06 03:16:56 t_client.py:700 Received actions on device: cpu
DEBUG 2026-09-06 03:16:56 t_client.py:710 Actions kept on device: cpu
DEBUG 2026-09-06 03:16:56 /gripper.py:183 [Gripper] set_positions: normalized=[0. 0.], target_rad=[4.0236 3.0081]
DEBUG 2026-09-06 03:16:56 _client.py:1428 Control loop (ms): 25.78
DEBUG 2026-09-06 03:16:56 _client.py:1428 Control loop (ms): 0.07
DEBUG 2026-09-06 03:16:56 by1/rby1.py:813 [ramp] elapsed=0.93s progress=0.187 min_time=4.079s
DEBUG 2026-09-06 03:16:56 by1/rby1.py:663 [impedance] stiffness=[400.0, 400.0, 400.0, 400.0, 400.0, 400.0, 150.0, 150.0, 150.0, 150.0, 150.0, 150.0, 150.0, 150.0, 150.0, 150.0, 150.0, 150.0, 150.0, 150.0], torque_limit=[500.0, 500.0, 500.0, 500.0, 500.0, 500.0, 40.0, 40.0, 40.0, 40.0, 40.0, 40.0, 40.0, 40.0, 40.0, 40.0, 40.0, 40.0, 40.0, 40.0], damping=1.0
DEBUG 2026-09-06 03:16:56 /gripper.py:183 [Gripper] set_positions: normalized=[0. 0.], target_rad=[4.0236 3.0081]
DEBUG 2026-09-06 03:16:56 _client.py:1428 Control loop (ms): 13.10
DEBUG 2026-09-06 03:16:56 by1/rby1.py:813 [ramp] elapsed=1.00s progress=0.200 min_time=4.013s
DEBUG 2026-09-06 03:16:56 by1/rby1.py:663 [impedance] stiffness=[400.0, 400.0, 400.0, 400.0, 400.0, 400.0, 150.0, 150.0, 150.0, 150.0, 150.0, 150.0, 150.0, 150.0, 150.0, 150.0, 150.0, 150.0, 150.0, 150.0], torque_limit=[500.0, 500.0, 500.0, 500.0, 500.0, 500.0, 40.0, 40.0, 40.0, 40.0, 40.0, 40.0, 40.0, 40.0, 40.0, 40.0, 40.0, 40.0, 40.0, 40.0], damping=1.0
DEBUG 2026-09-06 03:16:56 /gripper.py:183 [Gripper] set_positions: normalized=[0. 0.], target_rad=[4.0236 3.0081]
DEBUG 2026-09-06 03:16:56 _client.py:1428 Control loop (ms): 11.32
DEBUG 2026-09-06 03:16:56 by1/rby1.py:813 [ramp] elapsed=1.07s progress=0.214 min_time=3.947s
DEBUG 2026-09-06 03:16:56 by1/rby1.py:663 [impedance] stiffness=[400.0, 400.0, 400.0, 400.0, 400.0, 400.0, 150.0, 150.0, 150.0, 150.0, 150.0, 150.0, 150.0, 150.0, 150.0, 150.0, 150.0, 150.0, 150.0, 150.0], torque_limit=[500.0, 500.0, 500.0, 500.0, 500.0, 500.0, 40.0, 40.0, 40.0, 40.0, 40.0, 40.0, 40.0, 40.0, 40.0, 40.0, 40.0, 40.0, 40.0, 40.0], damping=1.0
DEBUG 2026-09-06 03:16:56 /gripper.py:183 [Gripper] set_positions: normalized=[0. 0.], target_rad=[4.0236 3.0081]
DEBUG 2026-09-06 03:16:56 _client.py:1428 Control loop (ms): 13.21
DEBUG 2026-09-06 03:16:56 by1/rby1.py:813 [ramp] elapsed=1.13s progress=0.227 min_time=3.881s
DEBUG 2026-09-06 03:16:56 by1/rby1.py:663 [impedance] stiffness=[400.0, 400.0, 400.0, 400.0, 400.0, 400.0, 150.0, 150.0, 150.0, 150.0, 150.0, 150.0, 150.0, 150.0, 150.0, 150.0, 150.0, 150.0, 150.0, 150.0], torque_limit=[500.0, 500.0, 500.0, 500.0, 500.0, 500.0, 40.0, 40.0, 40.0, 40.0, 40.0, 40.0, 40.0, 40.0, 40.0, 40.0, 40.0, 40.0, 40.0, 40.0], damping=1.0
DEBUG 2026-09-06 03:16:57 /gripper.py:183 [Gripper] set_positions: normalized=[0. 0.], target_rad=[4.0236 3.0081]
DEBUG 2026-09-06 03:16:57 _client.py:1428 Control loop (ms): 11.70
DEBUG 2026-09-06 03:16:57 by1/rby1.py:813 [ramp] elapsed=1.20s progress=0.240 min_time=3.815s
DEBUG 2026-09-06 03:16:57 by1/rby1.py:663 [impedance] stiffness=[400.0, 400.0, 400.0, 400.0, 400.0, 400.0, 150.0, 150.0, 150.0, 150.0, 150.0, 150.0, 150.0, 150.0, 150.0, 150.0, 150.0, 150.0, 150.0, 150.0], torque_limit=[500.0, 500.0, 500.0, 500.0, 500.0, 500.0, 40.0, 40.0, 40.0, 40.0, 40.0, 40.0, 40.0, 40.0, 40.0, 40.0, 40.0, 40.0, 40.0, 40.0], damping=1.0
DEBUG 2026-09-06 03:16:57 /gripper.py:183 [Gripper] set_positions: normalized=[0. 0.], target_rad=[4.0236 3.0081]
DEBUG 2026-09-06 03:16:57 _client.py:1428 Control loop (ms): 10.99
DEBUG 2026-09-06 03:16:57 by1/rby1.py:813 [ramp] elapsed=1.27s progress=0.254 min_time=3.750s
DEBUG 2026-09-06 03:16:57 by1/rby1.py:663 [impedance] stiffness=[400.0, 400.0, 400.0, 400.0, 400.0, 400.0, 150.0, 150.0, 150.0, 150.0, 150.0, 150.0, 150.0, 150.0, 150.0, 150.0, 150.0, 150.0, 150.0, 150.0], torque_limit=[500.0, 500.0, 500.0, 500.0, 500.0, 500.0, 40.0, 40.0, 40.0, 40.0, 40.0, 40.0, 40.0, 40.0, 40.0, 40.0, 40.0, 40.0, 40.0, 40.0], damping=1.0
DEBUG 2026-09-06 03:16:57 /gripper.py:183 [Gripper] set_positions: normalized=[0. 0.], target_rad=[4.0236 3.0081]
DEBUG 2026-09-06 03:16:57 _client.py:1428 Control loop (ms): 12.86
DEBUG 2026-09-06 03:16:57 by1/rby1.py:813 [ramp] elapsed=1.33s progress=0.267 min_time=3.684s
DEBUG 2026-09-06 03:16:57 by1/rby1.py:663 [impedance] stiffness=[400.0, 400.0, 400.0, 400.0, 400.0, 400.0, 150.0, 150.0, 150.0, 150.0, 150.0, 150.0, 150.0, 150.0, 150.0, 150.0, 150.0, 150.0, 150.0, 150.0], torque_limit=[500.0, 500.0, 500.0, 500.0, 500.0, 500.0, 40.0, 40.0, 40.0, 40.0, 40.0, 40.0, 40.0, 40.0, 40.0, 40.0, 40.0, 40.0, 40.0, 40.0], damping=1.0
DEBUG 2026-09-06 03:16:57 /gripper.py:183 [Gripper] set_positions: normalized=[0. 0.], target_rad=[4.0236 3.0081]
DEBUG 2026-09-06 03:16:57 _client.py:1428 Control loop (ms): 11.14
DEBUG 2026-09-06 03:16:57 by1/rby1.py:813 [ramp] elapsed=1.40s progress=0.280 min_time=3.618s
DEBUG 2026-09-06 03:16:57 by1/rby1.py:663 [impedance] stiffness=[400.0, 400.0, 400.0, 400.0, 400.0, 400.0, 150.0, 150.0, 150.0, 150.0, 150.0, 150.0, 150.0, 150.0, 150.0, 150.0, 150.0, 150.0, 150.0, 150.0], torque_limit=[500.0, 500.0, 500.0, 500.0, 500.0, 500.0, 40.0, 40.0, 40.0, 40.0, 40.0, 40.0, 40.0, 40.0, 40.0, 40.0, 40.0, 40.0, 40.0, 40.0], damping=1.0
DEBUG 2026-09-06 03:16:57 /gripper.py:183 [Gripper] set_positions: normalized=[0. 0.], target_rad=[4.0236 3.0081]
DEBUG 2026-09-06 03:16:57 _client.py:1428 Control loop (ms): 15.49
DEBUG 2026-09-06 03:16:57 by1/rby1.py:813 [ramp] elapsed=1.47s progress=0.294 min_time=3.552s
DEBUG 2026-09-06 03:16:57 by1/rby1.py:663 [impedance] stiffness=[400.0, 400.0, 400.0, 400.0, 400.0, 400.0, 150.0, 150.0, 150.0, 150.0, 150.0, 150.0, 150.0, 150.0, 150.0, 150.0, 150.0, 150.0, 150.0, 150.0], torque_limit=[500.0, 500.0, 500.0, 500.0, 500.0, 500.0, 40.0, 40.0, 40.0, 40.0, 40.0, 40.0, 40.0, 40.0, 40.0, 40.0, 40.0, 40.0, 40.0, 40.0], damping=1.0
DEBUG 2026-09-06 03:16:57 /gripper.py:183 [Gripper] set_positions: normalized=[0. 0.], target_rad=[4.0236 3.0081]
DEBUG 2026-09-06 03:16:57 _client.py:1428 Control loop (ms): 12.56
DEBUG 2026-09-06 03:16:57 by1/rby1.py:813 [ramp] elapsed=1.54s progress=0.307 min_time=3.486s
DEBUG 2026-09-06 03:16:57 by1/rby1.py:663 [impedance] stiffness=[400.0, 400.0, 400.0, 400.0, 400.0, 400.0, 150.0, 150.0, 150.0, 150.0, 150.0, 150.0, 150.0, 150.0, 150.0, 150.0, 150.0, 150.0, 150.0, 150.0], torque_limit=[500.0, 500.0, 500.0, 500.0, 500.0, 500.0, 40.0, 40.0, 40.0, 40.0, 40.0, 40.0, 40.0, 40.0, 40.0, 40.0, 40.0, 40.0, 40.0, 40.0], damping=1.0
DEBUG 2026-09-06 03:16:57 /gripper.py:183 [Gripper] set_positions: normalized=[0. 0.], target_rad=[4.0236 3.0081]
DEBUG 2026-09-06 03:16:57 _client.py:1428 Control loop (ms): 11.10
DEBUG 2026-09-06 03:16:57 by1/rby1.py:813 [ramp] elapsed=1.60s progress=0.320 min_time=3.420s
DEBUG 2026-09-06 03:16:57 by1/rby1.py:663 [impedance] stiffness=[400.0, 400.0, 400.0, 400.0, 400.0, 400.0, 150.0, 150.0, 150.0, 150.0, 150.0, 150.0, 150.0, 150.0, 150.0, 150.0, 150.0, 150.0, 150.0, 150.0], torque_limit=[500.0, 500.0, 500.0, 500.0, 500.0, 500.0, 40.0, 40.0, 40.0, 40.0, 40.0, 40.0, 40.0, 40.0, 40.0, 40.0, 40.0, 40.0, 40.0, 40.0], damping=1.0
DEBUG 2026-09-06 03:16:57 /gripper.py:183 [Gripper] set_positions: normalized=[0. 0.], target_rad=[4.0236 3.0081]
DEBUG 2026-09-06 03:16:57 _client.py:1428 Control loop (ms): 11.02
DEBUG 2026-09-06 03:16:57 by1/rby1.py:813 [ramp] elapsed=1.67s progress=0.334 min_time=3.355s
DEBUG 2026-09-06 03:16:57 by1/rby1.py:663 [impedance] stiffness=[400.0, 400.0, 400.0, 400.0, 400.0, 400.0, 150.0, 150.0, 150.0, 150.0, 150.0, 150.0, 150.0, 150.0, 150.0, 150.0, 150.0, 150.0, 150.0, 150.0], torque_limit=[500.0, 500.0, 500.0, 500.0, 500.0, 500.0, 40.0, 40.0, 40.0, 40.0, 40.0, 40.0, 40.0, 40.0, 40.0, 40.0, 40.0, 40.0, 40.0, 40.0], damping=1.0
DEBUG 2026-09-06 03:16:57 /gripper.py:183 [Gripper] set_positions: normalized=[0. 0.], target_rad=[4.0236 3.0081]
DEBUG 2026-09-06 03:16:57 _client.py:1428 Control loop (ms): 11.25
DEBUG 2026-09-06 03:16:57 by1/rby1.py:813 [ramp] elapsed=1.74s progress=0.347 min_time=3.289s
DEBUG 2026-09-06 03:16:57 by1/rby1.py:663 [impedance] stiffness=[400.0, 400.0, 400.0, 400.0, 400.0, 400.0, 150.0, 150.0, 150.0, 150.0, 150.0, 150.0, 150.0, 150.0, 150.0, 150.0, 150.0, 150.0, 150.0, 150.0], torque_limit=[500.0, 500.0, 500.0, 500.0, 500.0, 500.0, 40.0, 40.0, 40.0, 40.0, 40.0, 40.0, 40.0, 40.0, 40.0, 40.0, 40.0, 40.0, 40.0, 40.0], damping=1.0
DEBUG 2026-09-06 03:16:57 /gripper.py:183 [Gripper] set_positions: normalized=[0. 0.], target_rad=[4.0236 3.0081]
DEBUG 2026-09-06 03:16:57 _client.py:1428 Control loop (ms): 11.45
DEBUG 2026-09-06 03:16:57 by1/rby1.py:813 [ramp] elapsed=1.80s progress=0.360 min_time=3.223s
DEBUG 2026-09-06 03:16:57 by1/rby1.py:663 [impedance] stiffness=[400.0, 400.0, 400.0, 400.0, 400.0, 400.0, 150.0, 150.0, 150.0, 150.0, 150.0, 150.0, 150.0, 150.0, 150.0, 150.0, 150.0, 150.0, 150.0, 150.0], torque_limit=[500.0, 500.0, 500.0, 500.0, 500.0, 500.0, 40.0, 40.0, 40.0, 40.0, 40.0, 40.0, 40.0, 40.0, 40.0, 40.0, 40.0, 40.0, 40.0, 40.0], damping=1.0
DEBUG 2026-09-06 03:16:57 /gripper.py:183 [Gripper] set_positions: normalized=[0. 0.], target_rad=[4.0236 3.0081]
DEBUG 2026-09-06 03:16:57 _client.py:1428 Control loop (ms): 11.73
DEBUG 2026-09-06 03:16:57 by1/rby1.py:813 [ramp] elapsed=1.87s progress=0.374 min_time=3.157s
DEBUG 2026-09-06 03:16:57 by1/rby1.py:663 [impedance] stiffness=[400.0, 400.0, 400.0, 400.0, 400.0, 400.0, 150.0, 150.0, 150.0, 150.0, 150.0, 150.0, 150.0, 150.0, 150.0, 150.0, 150.0, 150.0, 150.0, 150.0], torque_limit=[500.0, 500.0, 500.0, 500.0, 500.0, 500.0, 40.0, 40.0, 40.0, 40.0, 40.0, 40.0, 40.0, 40.0, 40.0, 40.0, 40.0, 40.0, 40.0, 40.0], damping=1.0
DEBUG 2026-09-06 03:16:57 /gripper.py:183 [Gripper] set_positions: normalized=[0. 0.], target_rad=[4.0236 3.0081]
DEBUG 2026-09-06 03:16:57 _client.py:1428 Control loop (ms): 11.96
DEBUG 2026-09-06 03:16:57 by1/rby1.py:813 [ramp] elapsed=1.94s progress=0.387 min_time=3.091s
DEBUG 2026-09-06 03:16:57 by1/rby1.py:663 [impedance] stiffness=[400.0, 400.0, 400.0, 400.0, 400.0, 400.0, 150.0, 150.0, 150.0, 150.0, 150.0, 150.0, 150.0, 150.0, 150.0, 150.0, 150.0, 150.0, 150.0, 150.0], torque_limit=[500.0, 500.0, 500.0, 500.0, 500.0, 500.0, 40.0, 40.0, 40.0, 40.0, 40.0, 40.0, 40.0, 40.0, 40.0, 40.0, 40.0, 40.0, 40.0, 40.0], damping=1.0
DEBUG 2026-09-06 03:16:57 /gripper.py:183 [Gripper] set_positions: normalized=[0. 0.], target_rad=[4.0236 3.0081]
DEBUG 2026-09-06 03:16:57 _client.py:1428 Control loop (ms): 13.12
DEBUG 2026-09-06 03:16:57 by1/rby1.py:813 [ramp] elapsed=2.00s progress=0.401 min_time=3.026s
DEBUG 2026-09-06 03:16:57 by1/rby1.py:663 [impedance] stiffness=[400.0, 400.0, 400.0, 400.0, 400.0, 400.0, 150.0, 150.0, 150.0, 150.0, 150.0, 150.0, 150.0, 150.0, 150.0, 150.0, 150.0, 150.0, 150.0, 150.0], torque_limit=[500.0, 500.0, 500.0, 500.0, 500.0, 500.0, 40.0, 40.0, 40.0, 40.0, 40.0, 40.0, 40.0, 40.0, 40.0, 40.0, 40.0, 40.0, 40.0, 40.0], damping=1.0
DEBUG 2026-09-06 03:16:57 /gripper.py:183 [Gripper] set_positions: normalized=[0. 0.], target_rad=[4.0236 3.0081]
DEBUG 2026-09-06 03:16:57 _client.py:1428 Control loop (ms): 11.42
DEBUG 2026-09-06 03:16:57 by1/rby1.py:813 [ramp] elapsed=2.07s progress=0.414 min_time=2.960s
DEBUG 2026-09-06 03:16:57 by1/rby1.py:663 [impedance] stiffness=[400.0, 400.0, 400.0, 400.0, 400.0, 400.0, 150.0, 150.0, 150.0, 150.0, 150.0, 150.0, 150.0, 150.0, 150.0, 150.0, 150.0, 150.0, 150.0, 150.0], torque_limit=[500.0, 500.0, 500.0, 500.0, 500.0, 500.0, 40.0, 40.0, 40.0, 40.0, 40.0, 40.0, 40.0, 40.0, 40.0, 40.0, 40.0, 40.0, 40.0, 40.0], damping=1.0
DEBUG 2026-09-06 03:16:57 /gripper.py:183 [Gripper] set_positions: normalized=[0.001 0.   ], target_rad=[4.0297 3.0081]
DEBUG 2026-09-06 03:16:57 _client.py:1428 Control loop (ms): 10.77
DEBUG 2026-09-06 03:16:57 by1/rby1.py:813 [ramp] elapsed=2.14s progress=0.427 min_time=2.894s
DEBUG 2026-09-06 03:16:57 by1/rby1.py:663 [impedance] stiffness=[400.0, 400.0, 400.0, 400.0, 400.0, 400.0, 150.0, 150.0, 150.0, 150.0, 150.0, 150.0, 150.0, 150.0, 150.0, 150.0, 150.0, 150.0, 150.0, 150.0], torque_limit=[500.0, 500.0, 500.0, 500.0, 500.0, 500.0, 40.0, 40.0, 40.0, 40.0, 40.0, 40.0, 40.0, 40.0, 40.0, 40.0, 40.0, 40.0, 40.0, 40.0], damping=1.0
DEBUG 2026-09-06 03:16:58 /gripper.py:183 [Gripper] set_positions: normalized=[0. 0.], target_rad=[4.0236 3.0081]
DEBUG 2026-09-06 03:16:58 t_client.py:512 Image transport preprocessing: images=3 | resize=0.000ms | JPEG encode=16.191ms | total=16.418ms | original=2764800 bytes | transport=89390 bytes | compression=30.93x
DEBUG 2026-09-06 03:16:58 t_client.py:535 Observation serialization time: 0.000123s
DEBUG 2026-09-06 03:16:58 ort/utils.py:54 [CLIENT] Observation Buffer size 0.08606433868408203 MB with
DEBUG 2026-09-06 03:16:58 ort/utils.py:69 [CLIENT] Observation Sent 90245/90245 bytes with state 3
DEBUG 2026-09-06 03:16:58 ort/utils.py:71 [CLIENT] Observation Published 0.08606433868408203 MB
DEBUG 2026-09-06 03:16:58 t_client.py:546 Sent observation #48 | 
DEBUG 2026-09-06 03:16:58 _client.py:1073 QUEUE SIZE: 25 (Must go: True)
DEBUG 2026-09-06 03:16:58 _client.py:1428 Control loop (ms): 57.55
DEBUG 2026-09-06 03:16:58 by1/rby1.py:813 [ramp] elapsed=2.20s progress=0.441 min_time=2.828s
DEBUG 2026-09-06 03:16:58 by1/rby1.py:663 [impedance] stiffness=[400.0, 400.0, 400.0, 400.0, 400.0, 400.0, 150.0, 150.0, 150.0, 150.0, 150.0, 150.0, 150.0, 150.0, 150.0, 150.0, 150.0, 150.0, 150.0, 150.0], torque_limit=[500.0, 500.0, 500.0, 500.0, 500.0, 500.0, 40.0, 40.0, 40.0, 40.0, 40.0, 40.0, 40.0, 40.0, 40.0, 40.0, 40.0, 40.0, 40.0, 40.0], damping=1.0
DEBUG 2026-09-06 03:16:58 /gripper.py:183 [Gripper] set_positions: normalized=[0.002 0.   ], target_rad=[4.0327 3.0081]
DEBUG 2026-09-06 03:16:58 _client.py:1428 Control loop (ms): 12.55
DEBUG 2026-09-06 03:16:58 by1/rby1.py:813 [ramp] elapsed=2.27s progress=0.454 min_time=2.762s
DEBUG 2026-09-06 03:16:58 by1/rby1.py:663 [impedance] stiffness=[400.0, 400.0, 400.0, 400.0, 400.0, 400.0, 150.0, 150.0, 150.0, 150.0, 150.0, 150.0, 150.0, 150.0, 150.0, 150.0, 150.0, 150.0, 150.0, 150.0], torque_limit=[500.0, 500.0, 500.0, 500.0, 500.0, 500.0, 40.0, 40.0, 40.0, 40.0, 40.0, 40.0, 40.0, 40.0, 40.0, 40.0, 40.0, 40.0, 40.0, 40.0], damping=1.0
DEBUG 2026-09-06 03:16:58 /gripper.py:183 [Gripper] set_positions: normalized=[0.002 0.   ], target_rad=[4.0326 3.0081]
DEBUG 2026-09-06 03:16:58 _client.py:1428 Control loop (ms): 11.37
DEBUG 2026-09-06 03:16:58 by1/rby1.py:813 [ramp] elapsed=2.34s progress=0.467 min_time=2.696s
DEBUG 2026-09-06 03:16:58 by1/rby1.py:663 [impedance] stiffness=[400.0, 400.0, 400.0, 400.0, 400.0, 400.0, 150.0, 150.0, 150.0, 150.0, 150.0, 150.0, 150.0, 150.0, 150.0, 150.0, 150.0, 150.0, 150.0, 150.0], torque_limit=[500.0, 500.0, 500.0, 500.0, 500.0, 500.0, 40.0, 40.0, 40.0, 40.0, 40.0, 40.0, 40.0, 40.0, 40.0, 40.0, 40.0, 40.0, 40.0, 40.0], damping=1.0
DEBUG 2026-09-06 03:16:58 /gripper.py:183 [Gripper] set_positions: normalized=[0.007 0.   ], target_rad=[4.0535 3.0081]
DEBUG 2026-09-06 03:16:58 _client.py:1428 Control loop (ms): 12.64
DEBUG 2026-09-06 03:16:58 by1/rby1.py:813 [ramp] elapsed=2.40s progress=0.481 min_time=2.631s
DEBUG 2026-09-06 03:16:58 by1/rby1.py:663 [impedance] stiffness=[400.0, 400.0, 400.0, 400.0, 400.0, 400.0, 150.0, 150.0, 150.0, 150.0, 150.0, 150.0, 150.0, 150.0, 150.0, 150.0, 150.0, 150.0, 150.0, 150.0], torque_limit=[500.0, 500.0, 500.0, 500.0, 500.0, 500.0, 40.0, 40.0, 40.0, 40.0, 40.0, 40.0, 40.0, 40.0, 40.0, 40.0, 40.0, 40.0, 40.0, 40.0], damping=1.0
DEBUG 2026-09-06 03:16:58 /gripper.py:183 [Gripper] set_positions: normalized=[0. 0.], target_rad=[4.0246 3.0081]
DEBUG 2026-09-06 03:16:58 _client.py:1428 Control loop (ms): 11.67
DEBUG 2026-09-06 03:16:58 by1/rby1.py:813 [ramp] elapsed=2.47s progress=0.494 min_time=2.563s
DEBUG 2026-09-06 03:16:58 by1/rby1.py:663 [impedance] stiffness=[400.0, 400.0, 400.0, 400.0, 400.0, 400.0, 150.0, 150.0, 150.0, 150.0, 150.0, 150.0, 150.0, 150.0, 150.0, 150.0, 150.0, 150.0, 150.0, 150.0], torque_limit=[500.0, 500.0, 500.0, 500.0, 500.0, 500.0, 40.0, 40.0, 40.0, 40.0, 40.0, 40.0, 40.0, 40.0, 40.0, 40.0, 40.0, 40.0, 40.0, 40.0], damping=1.0
DEBUG 2026-09-06 03:16:58 t_client.py:700 Received actions on device: cpu
DEBUG 2026-09-06 03:16:58 t_client.py:710 Actions kept on device: cpu
DEBUG 2026-09-06 03:16:58 /gripper.py:183 [Gripper] set_positions: normalized=[0.004 0.   ], target_rad=[4.0394 3.0081]
DEBUG 2026-09-06 03:16:58 _client.py:1428 Control loop (ms): 15.53
DEBUG 2026-09-06 03:16:58 _client.py:1428 Control loop (ms): 0.10
DEBUG 2026-09-06 03:16:58 by1/rby1.py:813 [ramp] elapsed=2.60s progress=0.521 min_time=2.433s
DEBUG 2026-09-06 03:16:58 by1/rby1.py:663 [impedance] stiffness=[400.0, 400.0, 400.0, 400.0, 400.0, 400.0, 150.0, 150.0, 150.0, 150.0, 150.0, 150.0, 150.0, 150.0, 150.0, 150.0, 150.0, 150.0, 150.0, 150.0], torque_limit=[500.0, 500.0, 500.0, 500.0, 500.0, 500.0, 40.0, 40.0, 40.0, 40.0, 40.0, 40.0, 40.0, 40.0, 40.0, 40.0, 40.0, 40.0, 40.0, 40.0], damping=1.0
DEBUG 2026-09-06 03:16:58 /gripper.py:183 [Gripper] set_positions: normalized=[0. 0.], target_rad=[4.0236 3.0081]
DEBUG 2026-09-06 03:16:58 _client.py:1428 Control loop (ms): 10.40
DEBUG 2026-09-06 03:16:58 by1/rby1.py:813 [ramp] elapsed=2.67s progress=0.534 min_time=2.367s
DEBUG 2026-09-06 03:16:58 by1/rby1.py:663 [impedance] stiffness=[400.0, 400.0, 400.0, 400.0, 400.0, 400.0, 150.0, 150.0, 150.0, 150.0, 150.0, 150.0, 150.0, 150.0, 150.0, 150.0, 150.0, 150.0, 150.0, 150.0], torque_limit=[500.0, 500.0, 500.0, 500.0, 500.0, 500.0, 40.0, 40.0, 40.0, 40.0, 40.0, 40.0, 40.0, 40.0, 40.0, 40.0, 40.0, 40.0, 40.0, 40.0], damping=1.0
DEBUG 2026-09-06 03:16:58 /gripper.py:183 [Gripper] set_positions: normalized=[0.002 0.   ], target_rad=[4.031  3.0081]
DEBUG 2026-09-06 03:16:58 _client.py:1428 Control loop (ms): 11.66
DEBUG 2026-09-06 03:16:58 by1/rby1.py:813 [ramp] elapsed=2.74s progress=0.547 min_time=2.301s
DEBUG 2026-09-06 03:16:58 by1/rby1.py:663 [impedance] stiffness=[400.0, 400.0, 400.0, 400.0, 400.0, 400.0, 150.0, 150.0, 150.0, 150.0, 150.0, 150.0, 150.0, 150.0, 150.0, 150.0, 150.0, 150.0, 150.0, 150.0], torque_limit=[500.0, 500.0, 500.0, 500.0, 500.0, 500.0, 40.0, 40.0, 40.0, 40.0, 40.0, 40.0, 40.0, 40.0, 40.0, 40.0, 40.0, 40.0, 40.0, 40.0], damping=1.0
DEBUG 2026-09-06 03:16:58 /gripper.py:183 [Gripper] set_positions: normalized=[0. 0.], target_rad=[4.0236 3.0081]
DEBUG 2026-09-06 03:16:58 _client.py:1428 Control loop (ms): 12.89
DEBUG 2026-09-06 03:16:58 by1/rby1.py:813 [ramp] elapsed=2.80s progress=0.561 min_time=2.235s
DEBUG 2026-09-06 03:16:58 by1/rby1.py:663 [impedance] stiffness=[400.0, 400.0, 400.0, 400.0, 400.0, 400.0, 150.0, 150.0, 150.0, 150.0, 150.0, 150.0, 150.0, 150.0, 150.0, 150.0, 150.0, 150.0, 150.0, 150.0], torque_limit=[500.0, 500.0, 500.0, 500.0, 500.0, 500.0, 40.0, 40.0, 40.0, 40.0, 40.0, 40.0, 40.0, 40.0, 40.0, 40.0, 40.0, 40.0, 40.0, 40.0], damping=1.0
DEBUG 2026-09-06 03:16:58 /gripper.py:183 [Gripper] set_positions: normalized=[0. 0.], target_rad=[4.0236 3.0081]
DEBUG 2026-09-06 03:16:58 _client.py:1428 Control loop (ms): 12.05
DEBUG 2026-09-06 03:16:58 by1/rby1.py:813 [ramp] elapsed=2.87s progress=0.574 min_time=2.169s
DEBUG 2026-09-06 03:16:58 by1/rby1.py:663 [impedance] stiffness=[400.0, 400.0, 400.0, 400.0, 400.0, 400.0, 150.0, 150.0, 150.0, 150.0, 150.0, 150.0, 150.0, 150.0, 150.0, 150.0, 150.0, 150.0, 150.0, 150.0], torque_limit=[500.0, 500.0, 500.0, 500.0, 500.0, 500.0, 40.0, 40.0, 40.0, 40.0, 40.0, 40.0, 40.0, 40.0, 40.0, 40.0, 40.0, 40.0, 40.0, 40.0], damping=1.0
DEBUG 2026-09-06 03:16:58 /gripper.py:183 [Gripper] set_positions: normalized=[0. 0.], target_rad=[4.0236 3.0081]
DEBUG 2026-09-06 03:16:58 _client.py:1428 Control loop (ms): 11.33
DEBUG 2026-09-06 03:16:58 by1/rby1.py:813 [ramp] elapsed=2.94s progress=0.588 min_time=2.104s
DEBUG 2026-09-06 03:16:58 by1/rby1.py:663 [impedance] stiffness=[400.0, 400.0, 400.0, 400.0, 400.0, 400.0, 150.0, 150.0, 150.0, 150.0, 150.0, 150.0, 150.0, 150.0, 150.0, 150.0, 150.0, 150.0, 150.0, 150.0], torque_limit=[500.0, 500.0, 500.0, 500.0, 500.0, 500.0, 40.0, 40.0, 40.0, 40.0, 40.0, 40.0, 40.0, 40.0, 40.0, 40.0, 40.0, 40.0, 40.0, 40.0], damping=1.0
DEBUG 2026-09-06 03:16:58 /gripper.py:183 [Gripper] set_positions: normalized=[0.003 0.   ], target_rad=[4.0368 3.0081]
DEBUG 2026-09-06 03:16:58 _client.py:1428 Control loop (ms): 12.47
DEBUG 2026-09-06 03:16:58 by1/rby1.py:813 [ramp] elapsed=3.00s progress=0.601 min_time=2.038s
DEBUG 2026-09-06 03:16:58 by1/rby1.py:663 [impedance] stiffness=[400.0, 400.0, 400.0, 400.0, 400.0, 400.0, 150.0, 150.0, 150.0, 150.0, 150.0, 150.0, 150.0, 150.0, 150.0, 150.0, 150.0, 150.0, 150.0, 150.0], torque_limit=[500.0, 500.0, 500.0, 500.0, 500.0, 500.0, 40.0, 40.0, 40.0, 40.0, 40.0, 40.0, 40.0, 40.0, 40.0, 40.0, 40.0, 40.0, 40.0, 40.0], damping=1.0
DEBUG 2026-09-06 03:16:58 /gripper.py:183 [Gripper] set_positions: normalized=[0. 0.], target_rad=[4.0257 3.0081]
DEBUG 2026-09-06 03:16:58 _client.py:1428 Control loop (ms): 11.73
DEBUG 2026-09-06 03:16:58 by1/rby1.py:813 [ramp] elapsed=3.07s progress=0.614 min_time=1.972s
DEBUG 2026-09-06 03:16:58 by1/rby1.py:663 [impedance] stiffness=[400.0, 400.0, 400.0, 400.0, 400.0, 400.0, 150.0, 150.0, 150.0, 150.0, 150.0, 150.0, 150.0, 150.0, 150.0, 150.0, 150.0, 150.0, 150.0, 150.0], torque_limit=[500.0, 500.0, 500.0, 500.0, 500.0, 500.0, 40.0, 40.0, 40.0, 40.0, 40.0, 40.0, 40.0, 40.0, 40.0, 40.0, 40.0, 40.0, 40.0, 40.0], damping=1.0
DEBUG 2026-09-06 03:16:58 /gripper.py:183 [Gripper] set_positions: normalized=[0. 0.], target_rad=[4.0236 3.0081]
DEBUG 2026-09-06 03:16:58 _client.py:1428 Control loop (ms): 11.90
DEBUG 2026-09-06 03:16:58 by1/rby1.py:813 [ramp] elapsed=3.14s progress=0.628 min_time=1.906s
DEBUG 2026-09-06 03:16:58 by1/rby1.py:663 [impedance] stiffness=[400.0, 400.0, 400.0, 400.0, 400.0, 400.0, 150.0, 150.0, 150.0, 150.0, 150.0, 150.0, 150.0, 150.0, 150.0, 150.0, 150.0, 150.0, 150.0, 150.0], torque_limit=[500.0, 500.0, 500.0, 500.0, 500.0, 500.0, 40.0, 40.0, 40.0, 40.0, 40.0, 40.0, 40.0, 40.0, 40.0, 40.0, 40.0, 40.0, 40.0, 40.0], damping=1.0
DEBUG 2026-09-06 03:16:59 /gripper.py:183 [Gripper] set_positions: normalized=[0.002 0.   ], target_rad=[4.0309 3.0081]
DEBUG 2026-09-06 03:16:59 _client.py:1428 Control loop (ms): 13.38
DEBUG 2026-09-06 03:16:59 by1/rby1.py:813 [ramp] elapsed=3.20s progress=0.641 min_time=1.840s
DEBUG 2026-09-06 03:16:59 by1/rby1.py:663 [impedance] stiffness=[400.0, 400.0, 400.0, 400.0, 400.0, 400.0, 150.0, 150.0, 150.0, 150.0, 150.0, 150.0, 150.0, 150.0, 150.0, 150.0, 150.0, 150.0, 150.0, 150.0], torque_limit=[500.0, 500.0, 500.0, 500.0, 500.0, 500.0, 40.0, 40.0, 40.0, 40.0, 40.0, 40.0, 40.0, 40.0, 40.0, 40.0, 40.0, 40.0, 40.0, 40.0], damping=1.0
DEBUG 2026-09-06 03:16:59 /gripper.py:183 [Gripper] set_positions: normalized=[0. 0.], target_rad=[4.0236 3.0081]
DEBUG 2026-09-06 03:16:59 _client.py:1428 Control loop (ms): 11.43
DEBUG 2026-09-06 03:16:59 by1/rby1.py:813 [ramp] elapsed=3.27s progress=0.654 min_time=1.774s
DEBUG 2026-09-06 03:16:59 by1/rby1.py:663 [impedance] stiffness=[400.0, 400.0, 400.0, 400.0, 400.0, 400.0, 150.0, 150.0, 150.0, 150.0, 150.0, 150.0, 150.0, 150.0, 150.0, 150.0, 150.0, 150.0, 150.0, 150.0], torque_limit=[500.0, 500.0, 500.0, 500.0, 500.0, 500.0, 40.0, 40.0, 40.0, 40.0, 40.0, 40.0, 40.0, 40.0, 40.0, 40.0, 40.0, 40.0, 40.0, 40.0], damping=1.0
DEBUG 2026-09-06 03:16:59 /gripper.py:183 [Gripper] set_positions: normalized=[0. 0.], target_rad=[4.0236 3.0081]
DEBUG 2026-09-06 03:16:59 _client.py:1428 Control loop (ms): 11.65
DEBUG 2026-09-06 03:16:59 by1/rby1.py:813 [ramp] elapsed=3.34s progress=0.668 min_time=1.708s
DEBUG 2026-09-06 03:16:59 by1/rby1.py:663 [impedance] stiffness=[400.0, 400.0, 400.0, 400.0, 400.0, 400.0, 150.0, 150.0, 150.0, 150.0, 150.0, 150.0, 150.0, 150.0, 150.0, 150.0, 150.0, 150.0, 150.0, 150.0], torque_limit=[500.0, 500.0, 500.0, 500.0, 500.0, 500.0, 40.0, 40.0, 40.0, 40.0, 40.0, 40.0, 40.0, 40.0, 40.0, 40.0, 40.0, 40.0, 40.0, 40.0], damping=1.0
DEBUG 2026-09-06 03:16:59 /gripper.py:183 [Gripper] set_positions: normalized=[0. 0.], target_rad=[4.025  3.0081]
DEBUG 2026-09-06 03:16:59 _client.py:1428 Control loop (ms): 12.72
DEBUG 2026-09-06 03:16:59 by1/rby1.py:813 [ramp] elapsed=3.40s progress=0.681 min_time=1.643s
DEBUG 2026-09-06 03:16:59 by1/rby1.py:663 [impedance] stiffness=[400.0, 400.0, 400.0, 400.0, 400.0, 400.0, 150.0, 150.0, 150.0, 150.0, 150.0, 150.0, 150.0, 150.0, 150.0, 150.0, 150.0, 150.0, 150.0, 150.0], torque_limit=[500.0, 500.0, 500.0, 500.0, 500.0, 500.0, 40.0, 40.0, 40.0, 40.0, 40.0, 40.0, 40.0, 40.0, 40.0, 40.0, 40.0, 40.0, 40.0, 40.0], damping=1.0
DEBUG 2026-09-06 03:16:59 /gripper.py:183 [Gripper] set_positions: normalized=[0. 0.], target_rad=[4.0236 3.0081]
DEBUG 2026-09-06 03:16:59 _client.py:1428 Control loop (ms): 11.83
DEBUG 2026-09-06 03:16:59 by1/rby1.py:813 [ramp] elapsed=3.47s progress=0.694 min_time=1.577s
DEBUG 2026-09-06 03:16:59 by1/rby1.py:663 [impedance] stiffness=[400.0, 400.0, 400.0, 400.0, 400.0, 400.0, 150.0, 150.0, 150.0, 150.0, 150.0, 150.0, 150.0, 150.0, 150.0, 150.0, 150.0, 150.0, 150.0, 150.0], torque_limit=[500.0, 500.0, 500.0, 500.0, 500.0, 500.0, 40.0, 40.0, 40.0, 40.0, 40.0, 40.0, 40.0, 40.0, 40.0, 40.0, 40.0, 40.0, 40.0, 40.0], damping=1.0
DEBUG 2026-09-06 03:16:59 /gripper.py:183 [Gripper] set_positions: normalized=[0. 0.], target_rad=[4.0236 3.0081]
DEBUG 2026-09-06 03:16:59 _client.py:1428 Control loop (ms): 14.33
DEBUG 2026-09-06 03:16:59 by1/rby1.py:813 [ramp] elapsed=3.54s progress=0.708 min_time=1.511s
DEBUG 2026-09-06 03:16:59 by1/rby1.py:663 [impedance] stiffness=[400.0, 400.0, 400.0, 400.0, 400.0, 400.0, 150.0, 150.0, 150.0, 150.0, 150.0, 150.0, 150.0, 150.0, 150.0, 150.0, 150.0, 150.0, 150.0, 150.0], torque_limit=[500.0, 500.0, 500.0, 500.0, 500.0, 500.0, 40.0, 40.0, 40.0, 40.0, 40.0, 40.0, 40.0, 40.0, 40.0, 40.0, 40.0, 40.0, 40.0, 40.0], damping=1.0
DEBUG 2026-09-06 03:16:59 /gripper.py:183 [Gripper] set_positions: normalized=[0. 0.], target_rad=[4.0236 3.0081]
DEBUG 2026-09-06 03:16:59 _client.py:1428 Control loop (ms): 13.34
DEBUG 2026-09-06 03:16:59 by1/rby1.py:813 [ramp] elapsed=3.61s progress=0.721 min_time=1.445s
DEBUG 2026-09-06 03:16:59 by1/rby1.py:663 [impedance] stiffness=[400.0, 400.0, 400.0, 400.0, 400.0, 400.0, 150.0, 150.0, 150.0, 150.0, 150.0, 150.0, 150.0, 150.0, 150.0, 150.0, 150.0, 150.0, 150.0, 150.0], torque_limit=[500.0, 500.0, 500.0, 500.0, 500.0, 500.0, 40.0, 40.0, 40.0, 40.0, 40.0, 40.0, 40.0, 40.0, 40.0, 40.0, 40.0, 40.0, 40.0, 40.0], damping=1.0
DEBUG 2026-09-06 03:16:59 /gripper.py:183 [Gripper] set_positions: normalized=[0. 0.], target_rad=[4.0236 3.0081]
DEBUG 2026-09-06 03:16:59 _client.py:1428 Control loop (ms): 11.22
DEBUG 2026-09-06 03:16:59 by1/rby1.py:813 [ramp] elapsed=3.67s progress=0.735 min_time=1.379s
DEBUG 2026-09-06 03:16:59 by1/rby1.py:663 [impedance] stiffness=[400.0, 400.0, 400.0, 400.0, 400.0, 400.0, 150.0, 150.0, 150.0, 150.0, 150.0, 150.0, 150.0, 150.0, 150.0, 150.0, 150.0, 150.0, 150.0, 150.0], torque_limit=[500.0, 500.0, 500.0, 500.0, 500.0, 500.0, 40.0, 40.0, 40.0, 40.0, 40.0, 40.0, 40.0, 40.0, 40.0, 40.0, 40.0, 40.0, 40.0, 40.0], damping=1.0
DEBUG 2026-09-06 03:16:59 /gripper.py:183 [Gripper] set_positions: normalized=[0.001 0.   ], target_rad=[4.0265 3.0081]
DEBUG 2026-09-06 03:16:59 _client.py:1428 Control loop (ms): 12.87
DEBUG 2026-09-06 03:16:59 by1/rby1.py:813 [ramp] elapsed=3.74s progress=0.748 min_time=1.313s
DEBUG 2026-09-06 03:16:59 by1/rby1.py:663 [impedance] stiffness=[400.0, 400.0, 400.0, 400.0, 400.0, 400.0, 150.0, 150.0, 150.0, 150.0, 150.0, 150.0, 150.0, 150.0, 150.0, 150.0, 150.0, 150.0, 150.0, 150.0], torque_limit=[500.0, 500.0, 500.0, 500.0, 500.0, 500.0, 40.0, 40.0, 40.0, 40.0, 40.0, 40.0, 40.0, 40.0, 40.0, 40.0, 40.0, 40.0, 40.0, 40.0], damping=1.0
DEBUG 2026-09-06 03:16:59 /gripper.py:183 [Gripper] set_positions: normalized=[0. 0.], target_rad=[4.0236 3.0081]
DEBUG 2026-09-06 03:16:59 _client.py:1428 Control loop (ms): 11.79
DEBUG 2026-09-06 03:16:59 by1/rby1.py:813 [ramp] elapsed=3.81s progress=0.761 min_time=1.247s
DEBUG 2026-09-06 03:16:59 by1/rby1.py:663 [impedance] stiffness=[400.0, 400.0, 400.0, 400.0, 400.0, 400.0, 150.0, 150.0, 150.0, 150.0, 150.0, 150.0, 150.0, 150.0, 150.0, 150.0, 150.0, 150.0, 150.0, 150.0], torque_limit=[500.0, 500.0, 500.0, 500.0, 500.0, 500.0, 40.0, 40.0, 40.0, 40.0, 40.0, 40.0, 40.0, 40.0, 40.0, 40.0, 40.0, 40.0, 40.0, 40.0], damping=1.0
DEBUG 2026-09-06 03:16:59 /gripper.py:183 [Gripper] set_positions: normalized=[0.004 0.   ], target_rad=[4.04   3.0081]
DEBUG 2026-09-06 03:16:59 t_client.py:512 Image transport preprocessing: images=3 | resize=0.000ms | JPEG encode=15.450ms | total=15.653ms | original=2764800 bytes | transport=90879 bytes | compression=30.42x
DEBUG 2026-09-06 03:16:59 t_client.py:535 Observation serialization time: 0.000124s
DEBUG 2026-09-06 03:16:59 ort/utils.py:54 [CLIENT] Observation Buffer size 0.08748435974121094 MB with
DEBUG 2026-09-06 03:16:59 ort/utils.py:69 [CLIENT] Observation Sent 91734/91734 bytes with state 3
DEBUG 2026-09-06 03:16:59 ort/utils.py:71 [CLIENT] Observation Published 0.08748435974121094 MB
DEBUG 2026-09-06 03:16:59 t_client.py:546 Sent observation #72 | 
DEBUG 2026-09-06 03:16:59 _client.py:1073 QUEUE SIZE: 25 (Must go: True)
DEBUG 2026-09-06 03:16:59 _client.py:1428 Control loop (ms): 54.26
DEBUG 2026-09-06 03:16:59 by1/rby1.py:813 [ramp] elapsed=3.87s progress=0.775 min_time=1.181s
DEBUG 2026-09-06 03:16:59 by1/rby1.py:663 [impedance] stiffness=[400.0, 400.0, 400.0, 400.0, 400.0, 400.0, 150.0, 150.0, 150.0, 150.0, 150.0, 150.0, 150.0, 150.0, 150.0, 150.0, 150.0, 150.0, 150.0, 150.0], torque_limit=[500.0, 500.0, 500.0, 500.0, 500.0, 500.0, 40.0, 40.0, 40.0, 40.0, 40.0, 40.0, 40.0, 40.0, 40.0, 40.0, 40.0, 40.0, 40.0, 40.0], damping=1.0
DEBUG 2026-09-06 03:16:59 /gripper.py:183 [Gripper] set_positions: normalized=[0. 0.], target_rad=[4.0236 3.0081]
DEBUG 2026-09-06 03:16:59 _client.py:1428 Control loop (ms): 13.48
DEBUG 2026-09-06 03:16:59 by1/rby1.py:813 [ramp] elapsed=3.94s progress=0.788 min_time=1.116s
DEBUG 2026-09-06 03:16:59 by1/rby1.py:663 [impedance] stiffness=[400.0, 400.0, 400.0, 400.0, 400.0, 400.0, 150.0, 150.0, 150.0, 150.0, 150.0, 150.0, 150.0, 150.0, 150.0, 150.0, 150.0, 150.0, 150.0, 150.0], torque_limit=[500.0, 500.0, 500.0, 500.0, 500.0, 500.0, 40.0, 40.0, 40.0, 40.0, 40.0, 40.0, 40.0, 40.0, 40.0, 40.0, 40.0, 40.0, 40.0, 40.0], damping=1.0
DEBUG 2026-09-06 03:16:59 /gripper.py:183 [Gripper] set_positions: normalized=[0. 0.], target_rad=[4.0236 3.0081]
DEBUG 2026-09-06 03:16:59 _client.py:1428 Control loop (ms): 10.21
DEBUG 2026-09-06 03:16:59 by1/rby1.py:813 [ramp] elapsed=4.01s progress=0.801 min_time=1.050s
DEBUG 2026-09-06 03:16:59 by1/rby1.py:663 [impedance] stiffness=[400.0, 400.0, 400.0, 400.0, 400.0, 400.0, 150.0, 150.0, 150.0, 150.0, 150.0, 150.0, 150.0, 150.0, 150.0, 150.0, 150.0, 150.0, 150.0, 150.0], torque_limit=[500.0, 500.0, 500.0, 500.0, 500.0, 500.0, 40.0, 40.0, 40.0, 40.0, 40.0, 40.0, 40.0, 40.0, 40.0, 40.0, 40.0, 40.0, 40.0, 40.0], damping=1.0
DEBUG 2026-09-06 03:16:59 /gripper.py:183 [Gripper] set_positions: normalized=[0.001 0.   ], target_rad=[4.0296 3.0081]
DEBUG 2026-09-06 03:16:59 _client.py:1428 Control loop (ms): 12.82
DEBUG 2026-09-06 03:16:59 by1/rby1.py:813 [ramp] elapsed=4.07s progress=0.815 min_time=0.984s
DEBUG 2026-09-06 03:16:59 by1/rby1.py:663 [impedance] stiffness=[400.0, 400.0, 400.0, 400.0, 400.0, 400.0, 150.0, 150.0, 150.0, 150.0, 150.0, 150.0, 150.0, 150.0, 150.0, 150.0, 150.0, 150.0, 150.0, 150.0], torque_limit=[500.0, 500.0, 500.0, 500.0, 500.0, 500.0, 40.0, 40.0, 40.0, 40.0, 40.0, 40.0, 40.0, 40.0, 40.0, 40.0, 40.0, 40.0, 40.0, 40.0], damping=1.0
DEBUG 2026-09-06 03:16:59 /gripper.py:183 [Gripper] set_positions: normalized=[0. 0.], target_rad=[4.0236 3.0081]
DEBUG 2026-09-06 03:16:59 _client.py:1428 Control loop (ms): 10.62
DEBUG 2026-09-06 03:16:59 by1/rby1.py:813 [ramp] elapsed=4.14s progress=0.828 min_time=0.917s
DEBUG 2026-09-06 03:16:59 by1/rby1.py:663 [impedance] stiffness=[400.0, 400.0, 400.0, 400.0, 400.0, 400.0, 150.0, 150.0, 150.0, 150.0, 150.0, 150.0, 150.0, 150.0, 150.0, 150.0, 150.0, 150.0, 150.0, 150.0], torque_limit=[500.0, 500.0, 500.0, 500.0, 500.0, 500.0, 40.0, 40.0, 40.0, 40.0, 40.0, 40.0, 40.0, 40.0, 40.0, 40.0, 40.0, 40.0, 40.0, 40.0], damping=1.0
DEBUG 2026-09-06 03:17:00 t_client.py:700 Received actions on device: cpu
DEBUG 2026-09-06 03:17:00 t_client.py:710 Actions kept on device: cpu
DEBUG 2026-09-06 03:17:00 /gripper.py:183 [Gripper] set_positions: normalized=[0. 0.], target_rad=[4.0236 3.0081]
DEBUG 2026-09-06 03:17:00 _client.py:1428 Control loop (ms): 15.42
DEBUG 2026-09-06 03:17:00 _client.py:1428 Control loop (ms): 0.04
DEBUG 2026-09-06 03:17:00 by1/rby1.py:813 [ramp] elapsed=4.27s progress=0.855 min_time=0.787s
DEBUG 2026-09-06 03:17:00 by1/rby1.py:663 [impedance] stiffness=[400.0, 400.0, 400.0, 400.0, 400.0, 400.0, 150.0, 150.0, 150.0, 150.0, 150.0, 150.0, 150.0, 150.0, 150.0, 150.0, 150.0, 150.0, 150.0, 150.0], torque_limit=[500.0, 500.0, 500.0, 500.0, 500.0, 500.0, 40.0, 40.0, 40.0, 40.0, 40.0, 40.0, 40.0, 40.0, 40.0, 40.0, 40.0, 40.0, 40.0, 40.0], damping=1.0
DEBUG 2026-09-06 03:17:00 /gripper.py:183 [Gripper] set_positions: normalized=[0. 0.], target_rad=[4.0236 3.0081]
DEBUG 2026-09-06 03:17:00 _client.py:1428 Control loop (ms): 13.45
DEBUG 2026-09-06 03:17:00 by1/rby1.py:813 [ramp] elapsed=4.34s progress=0.868 min_time=0.721s
DEBUG 2026-09-06 03:17:00 by1/rby1.py:663 [impedance] stiffness=[400.0, 400.0, 400.0, 400.0, 400.0, 400.0, 150.0, 150.0, 150.0, 150.0, 150.0, 150.0, 150.0, 150.0, 150.0, 150.0, 150.0, 150.0, 150.0, 150.0], torque_limit=[500.0, 500.0, 500.0, 500.0, 500.0, 500.0, 40.0, 40.0, 40.0, 40.0, 40.0, 40.0, 40.0, 40.0, 40.0, 40.0, 40.0, 40.0, 40.0, 40.0], damping=1.0
DEBUG 2026-09-06 03:17:00 /gripper.py:183 [Gripper] set_positions: normalized=[0. 0.], target_rad=[4.0236 3.0081]
DEBUG 2026-09-06 03:17:00 _client.py:1428 Control loop (ms): 12.90
DEBUG 2026-09-06 03:17:00 by1/rby1.py:813 [ramp] elapsed=4.41s progress=0.881 min_time=0.655s
DEBUG 2026-09-06 03:17:00 by1/rby1.py:663 [impedance] stiffness=[400.0, 400.0, 400.0, 400.0, 400.0, 400.0, 150.0, 150.0, 150.0, 150.0, 150.0, 150.0, 150.0, 150.0, 150.0, 150.0, 150.0, 150.0, 150.0, 150.0], torque_limit=[500.0, 500.0, 500.0, 500.0, 500.0, 500.0, 40.0, 40.0, 40.0, 40.0, 40.0, 40.0, 40.0, 40.0, 40.0, 40.0, 40.0, 40.0, 40.0, 40.0], damping=1.0
DEBUG 2026-09-06 03:17:00 /gripper.py:183 [Gripper] set_positions: normalized=[0.001 0.   ], target_rad=[4.0268 3.0081]
DEBUG 2026-09-06 03:17:00 _client.py:1428 Control loop (ms): 12.07
DEBUG 2026-09-06 03:17:00 by1/rby1.py:813 [ramp] elapsed=4.47s progress=0.895 min_time=0.589s
DEBUG 2026-09-06 03:17:00 by1/rby1.py:663 [impedance] stiffness=[400.0, 400.0, 400.0, 400.0, 400.0, 400.0, 150.0, 150.0, 150.0, 150.0, 150.0, 150.0, 150.0, 150.0, 150.0, 150.0, 150.0, 150.0, 150.0, 150.0], torque_limit=[500.0, 500.0, 500.0, 500.0, 500.0, 500.0, 40.0, 40.0, 40.0, 40.0, 40.0, 40.0, 40.0, 40.0, 40.0, 40.0, 40.0, 40.0, 40.0, 40.0], damping=1.0
DEBUG 2026-09-06 03:17:00 /gripper.py:183 [Gripper] set_positions: normalized=[0.001 0.   ], target_rad=[4.0263 3.0081]
DEBUG 2026-09-06 03:17:00 _client.py:1428 Control loop (ms): 11.64
DEBUG 2026-09-06 03:17:00 by1/rby1.py:813 [ramp] elapsed=4.54s progress=0.908 min_time=0.523s
DEBUG 2026-09-06 03:17:00 by1/rby1.py:663 [impedance] stiffness=[400.0, 400.0, 400.0, 400.0, 400.0, 400.0, 150.0, 150.0, 150.0, 150.0, 150.0, 150.0, 150.0, 150.0, 150.0, 150.0, 150.0, 150.0, 150.0, 150.0], torque_limit=[500.0, 500.0, 500.0, 500.0, 500.0, 500.0, 40.0, 40.0, 40.0, 40.0, 40.0, 40.0, 40.0, 40.0, 40.0, 40.0, 40.0, 40.0, 40.0, 40.0], damping=1.0
DEBUG 2026-09-06 03:17:00 /gripper.py:183 [Gripper] set_positions: normalized=[0. 0.], target_rad=[4.0236 3.0081]
DEBUG 2026-09-06 03:17:00 _client.py:1428 Control loop (ms): 12.68
DEBUG 2026-09-06 03:17:00 by1/rby1.py:813 [ramp] elapsed=4.61s progress=0.921 min_time=0.457s
DEBUG 2026-09-06 03:17:00 by1/rby1.py:663 [impedance] stiffness=[400.0, 400.0, 400.0, 400.0, 400.0, 400.0, 150.0, 150.0, 150.0, 150.0, 150.0, 150.0, 150.0, 150.0, 150.0, 150.0, 150.0, 150.0, 150.0, 150.0], torque_limit=[500.0, 500.0, 500.0, 500.0, 500.0, 500.0, 40.0, 40.0, 40.0, 40.0, 40.0, 40.0, 40.0, 40.0, 40.0, 40.0, 40.0, 40.0, 40.0, 40.0], damping=1.0
DEBUG 2026-09-06 03:17:00 /gripper.py:183 [Gripper] set_positions: normalized=[0. 0.], target_rad=[4.0236 3.0081]
DEBUG 2026-09-06 03:17:00 _client.py:1428 Control loop (ms): 12.69
DEBUG 2026-09-06 03:17:00 by1/rby1.py:813 [ramp] elapsed=4.67s progress=0.935 min_time=0.392s
DEBUG 2026-09-06 03:17:00 by1/rby1.py:663 [impedance] stiffness=[400.0, 400.0, 400.0, 400.0, 400.0, 400.0, 150.0, 150.0, 150.0, 150.0, 150.0, 150.0, 150.0, 150.0, 150.0, 150.0, 150.0, 150.0, 150.0, 150.0], torque_limit=[500.0, 500.0, 500.0, 500.0, 500.0, 500.0, 40.0, 40.0, 40.0, 40.0, 40.0, 40.0, 40.0, 40.0, 40.0, 40.0, 40.0, 40.0, 40.0, 40.0], damping=1.0
DEBUG 2026-09-06 03:17:00 /gripper.py:183 [Gripper] set_positions: normalized=[0. 0.], target_rad=[4.0253 3.0081]
DEBUG 2026-09-06 03:17:00 _client.py:1428 Control loop (ms): 11.29
DEBUG 2026-09-06 03:17:00 by1/rby1.py:813 [ramp] elapsed=4.74s progress=0.948 min_time=0.326s
DEBUG 2026-09-06 03:17:00 by1/rby1.py:663 [impedance] stiffness=[400.0, 400.0, 400.0, 400.0, 400.0, 400.0, 150.0, 150.0, 150.0, 150.0, 150.0, 150.0, 150.0, 150.0, 150.0, 150.0, 150.0, 150.0, 150.0, 150.0], torque_limit=[500.0, 500.0, 500.0, 500.0, 500.0, 500.0, 40.0, 40.0, 40.0, 40.0, 40.0, 40.0, 40.0, 40.0, 40.0, 40.0, 40.0, 40.0, 40.0, 40.0], damping=1.0
DEBUG 2026-09-06 03:17:00 /gripper.py:183 [Gripper] set_positions: normalized=[0. 0.], target_rad=[4.0236 3.0081]
DEBUG 2026-09-06 03:17:00 _client.py:1428 Control loop (ms): 12.26
DEBUG 2026-09-06 03:17:00 by1/rby1.py:813 [ramp] elapsed=4.81s progress=0.961 min_time=0.260s
DEBUG 2026-09-06 03:17:00 by1/rby1.py:663 [impedance] stiffness=[400.0, 400.0, 400.0, 400.0, 400.0, 400.0, 150.0, 150.0, 150.0, 150.0, 150.0, 150.0, 150.0, 150.0, 150.0, 150.0, 150.0, 150.0, 150.0, 150.0], torque_limit=[500.0, 500.0, 500.0, 500.0, 500.0, 500.0, 40.0, 40.0, 40.0, 40.0, 40.0, 40.0, 40.0, 40.0, 40.0, 40.0, 40.0, 40.0, 40.0, 40.0], damping=1.0
DEBUG 2026-09-06 03:17:00 /gripper.py:183 [Gripper] set_positions: normalized=[0. 0.], target_rad=[4.0236 3.0081]
DEBUG 2026-09-06 03:17:00 _client.py:1428 Control loop (ms): 11.39
DEBUG 2026-09-06 03:17:00 by1/rby1.py:813 [ramp] elapsed=4.87s progress=0.975 min_time=0.194s
DEBUG 2026-09-06 03:17:00 by1/rby1.py:663 [impedance] stiffness=[400.0, 400.0, 400.0, 400.0, 400.0, 400.0, 150.0, 150.0, 150.0, 150.0, 150.0, 150.0, 150.0, 150.0, 150.0, 150.0, 150.0, 150.0, 150.0, 150.0], torque_limit=[500.0, 500.0, 500.0, 500.0, 500.0, 500.0, 40.0, 40.0, 40.0, 40.0, 40.0, 40.0, 40.0, 40.0, 40.0, 40.0, 40.0, 40.0, 40.0, 40.0], damping=1.0
DEBUG 2026-09-06 03:17:00 /gripper.py:183 [Gripper] set_positions: normalized=[0. 0.], target_rad=[4.0236 3.0081]
DEBUG 2026-09-06 03:17:00 _client.py:1428 Control loop (ms): 10.50
DEBUG 2026-09-06 03:17:00 by1/rby1.py:813 [ramp] elapsed=4.94s progress=0.988 min_time=0.128s
DEBUG 2026-09-06 03:17:00 by1/rby1.py:663 [impedance] stiffness=[400.0, 400.0, 400.0, 400.0, 400.0, 400.0, 150.0, 150.0, 150.0, 150.0, 150.0, 150.0, 150.0, 150.0, 150.0, 150.0, 150.0, 150.0, 150.0, 150.0], torque_limit=[500.0, 500.0, 500.0, 500.0, 500.0, 500.0, 40.0, 40.0, 40.0, 40.0, 40.0, 40.0, 40.0, 40.0, 40.0, 40.0, 40.0, 40.0, 40.0, 40.0], damping=1.0
DEBUG 2026-09-06 03:17:00 /gripper.py:183 [Gripper] set_positions: normalized=[0. 0.], target_rad=[4.0236 3.0081]
DEBUG 2026-09-06 03:17:00 _client.py:1428 Control loop (ms): 11.98
DEBUG 2026-09-06 03:17:00 by1/rby1.py:813 [ramp] elapsed=5.01s progress=1.000 min_time=0.070s
DEBUG 2026-09-06 03:17:00 by1/rby1.py:663 [impedance] stiffness=[400.0, 400.0, 400.0, 400.0, 400.0, 400.0, 150.0, 150.0, 150.0, 150.0, 150.0, 150.0, 150.0, 150.0, 150.0, 150.0, 150.0, 150.0, 150.0, 150.0], torque_limit=[500.0, 500.0, 500.0, 500.0, 500.0, 500.0, 40.0, 40.0, 40.0, 40.0, 40.0, 40.0, 40.0, 40.0, 40.0, 40.0, 40.0, 40.0, 40.0, 40.0], damping=1.0
DEBUG 2026-09-06 03:17:00 /gripper.py:183 [Gripper] set_positions: normalized=[0. 0.], target_rad=[4.0236 3.0081]
DEBUG 2026-09-06 03:17:00 _client.py:1428 Control loop (ms): 12.43
DEBUG 2026-09-06 03:17:00 by1/rby1.py:813 [ramp] elapsed=5.07s progress=1.000 min_time=0.070s
DEBUG 2026-09-06 03:17:00 by1/rby1.py:663 [impedance] stiffness=[400.0, 400.0, 400.0, 400.0, 400.0, 400.0, 150.0, 150.0, 150.0, 150.0, 150.0, 150.0, 150.0, 150.0, 150.0, 150.0, 150.0, 150.0, 150.0, 150.0], torque_limit=[500.0, 500.0, 500.0, 500.0, 500.0, 500.0, 40.0, 40.0, 40.0, 40.0, 40.0, 40.0, 40.0, 40.0, 40.0, 40.0, 40.0, 40.0, 40.0, 40.0], damping=1.0
DEBUG 2026-09-06 03:17:00 /gripper.py:183 [Gripper] set_positions: normalized=[0. 0.], target_rad=[4.0236 3.0081]
DEBUG 2026-09-06 03:17:00 _client.py:1428 Control loop (ms): 12.37
DEBUG 2026-09-06 03:17:00 by1/rby1.py:813 [ramp] elapsed=5.14s progress=1.000 min_time=0.070s
DEBUG 2026-09-06 03:17:00 by1/rby1.py:663 [impedance] stiffness=[400.0, 400.0, 400.0, 400.0, 400.0, 400.0, 150.0, 150.0, 150.0, 150.0, 150.0, 150.0, 150.0, 150.0, 150.0, 150.0, 150.0, 150.0, 150.0, 150.0], torque_limit=[500.0, 500.0, 500.0, 500.0, 500.0, 500.0, 40.0, 40.0, 40.0, 40.0, 40.0, 40.0, 40.0, 40.0, 40.0, 40.0, 40.0, 40.0, 40.0, 40.0], damping=1.0
DEBUG 2026-09-06 03:17:01 /gripper.py:183 [Gripper] set_positions: normalized=[0. 0.], target_rad=[4.0236 3.0081]
DEBUG 2026-09-06 03:17:01 _client.py:1428 Control loop (ms): 13.85
DEBUG 2026-09-06 03:17:01 by1/rby1.py:813 [ramp] elapsed=5.21s progress=1.000 min_time=0.070s
DEBUG 2026-09-06 03:17:01 by1/rby1.py:663 [impedance] stiffness=[400.0, 400.0, 400.0, 400.0, 400.0, 400.0, 150.0, 150.0, 150.0, 150.0, 150.0, 150.0, 150.0, 150.0, 150.0, 150.0, 150.0, 150.0, 150.0, 150.0], torque_limit=[500.0, 500.0, 500.0, 500.0, 500.0, 500.0, 40.0, 40.0, 40.0, 40.0, 40.0, 40.0, 40.0, 40.0, 40.0, 40.0, 40.0, 40.0, 40.0, 40.0], damping=1.0
DEBUG 2026-09-06 03:17:01 /gripper.py:183 [Gripper] set_positions: normalized=[0. 0.], target_rad=[4.0236 3.0081]
DEBUG 2026-09-06 03:17:01 _client.py:1428 Control loop (ms): 12.88
DEBUG 2026-09-06 03:17:01 by1/rby1.py:813 [ramp] elapsed=5.27s progress=1.000 min_time=0.070s
DEBUG 2026-09-06 03:17:01 by1/rby1.py:663 [impedance] stiffness=[400.0, 400.0, 400.0, 400.0, 400.0, 400.0, 150.0, 150.0, 150.0, 150.0, 150.0, 150.0, 150.0, 150.0, 150.0, 150.0, 150.0, 150.0, 150.0, 150.0], torque_limit=[500.0, 500.0, 500.0, 500.0, 500.0, 500.0, 40.0, 40.0, 40.0, 40.0, 40.0, 40.0, 40.0, 40.0, 40.0, 40.0, 40.0, 40.0, 40.0, 40.0], damping=1.0
DEBUG 2026-09-06 03:17:01 /gripper.py:183 [Gripper] set_positions: normalized=[0. 0.], target_rad=[4.0236 3.0081]
DEBUG 2026-09-06 03:17:01 _client.py:1428 Control loop (ms): 12.13
DEBUG 2026-09-06 03:17:01 by1/rby1.py:813 [ramp] elapsed=5.34s progress=1.000 min_time=0.070s
DEBUG 2026-09-06 03:17:01 by1/rby1.py:663 [impedance] stiffness=[400.0, 400.0, 400.0, 400.0, 400.0, 400.0, 150.0, 150.0, 150.0, 150.0, 150.0, 150.0, 150.0, 150.0, 150.0, 150.0, 150.0, 150.0, 150.0, 150.0], torque_limit=[500.0, 500.0, 500.0, 500.0, 500.0, 500.0, 40.0, 40.0, 40.0, 40.0, 40.0, 40.0, 40.0, 40.0, 40.0, 40.0, 40.0, 40.0, 40.0, 40.0], damping=1.0
DEBUG 2026-09-06 03:17:01 /gripper.py:183 [Gripper] set_positions: normalized=[0. 0.], target_rad=[4.0236 3.0081]
DEBUG 2026-09-06 03:17:01 _client.py:1428 Control loop (ms): 11.42
DEBUG 2026-09-06 03:17:01 by1/rby1.py:813 [ramp] elapsed=5.41s progress=1.000 min_time=0.070s
DEBUG 2026-09-06 03:17:01 by1/rby1.py:663 [impedance] stiffness=[400.0, 400.0, 400.0, 400.0, 400.0, 400.0, 150.0, 150.0, 150.0, 150.0, 150.0, 150.0, 150.0, 150.0, 150.0, 150.0, 150.0, 150.0, 150.0, 150.0], torque_limit=[500.0, 500.0, 500.0, 500.0, 500.0, 500.0, 40.0, 40.0, 40.0, 40.0, 40.0, 40.0, 40.0, 40.0, 40.0, 40.0, 40.0, 40.0, 40.0, 40.0], damping=1.0
DEBUG 2026-09-06 03:17:01 /gripper.py:183 [Gripper] set_positions: normalized=[0. 0.], target_rad=[4.0236 3.0081]
DEBUG 2026-09-06 03:17:01 _client.py:1428 Control loop (ms): 12.31
DEBUG 2026-09-06 03:17:01 by1/rby1.py:813 [ramp] elapsed=5.47s progress=1.000 min_time=0.070s
DEBUG 2026-09-06 03:17:01 by1/rby1.py:663 [impedance] stiffness=[400.0, 400.0, 400.0, 400.0, 400.0, 400.0, 150.0, 150.0, 150.0, 150.0, 150.0, 150.0, 150.0, 150.0, 150.0, 150.0, 150.0, 150.0, 150.0, 150.0], torque_limit=[500.0, 500.0, 500.0, 500.0, 500.0, 500.0, 40.0, 40.0, 40.0, 40.0, 40.0, 40.0, 40.0, 40.0, 40.0, 40.0, 40.0, 40.0, 40.0, 40.0], damping=1.0
DEBUG 2026-09-06 03:17:01 /gripper.py:183 [Gripper] set_positions: normalized=[0. 0.], target_rad=[4.0236 3.0081]
DEBUG 2026-09-06 03:17:01 t_client.py:512 Image transport preprocessing: images=3 | resize=0.000ms | JPEG encode=15.526ms | total=15.738ms | original=2764800 bytes | transport=91792 bytes | compression=30.12x
DEBUG 2026-09-06 03:17:01 t_client.py:535 Observation serialization time: 0.000125s
DEBUG 2026-09-06 03:17:01 ort/utils.py:54 [CLIENT] Observation Buffer size 0.08835506439208984 MB with
DEBUG 2026-09-06 03:17:01 ort/utils.py:69 [CLIENT] Observation Sent 92647/92647 bytes with state 3
DEBUG 2026-09-06 03:17:01 ort/utils.py:71 [CLIENT] Observation Published 0.08835506439208984 MB
DEBUG 2026-09-06 03:17:01 t_client.py:546 Sent observation #96 | 
DEBUG 2026-09-06 03:17:01 _client.py:1073 QUEUE SIZE: 25 (Must go: True)
DEBUG 2026-09-06 03:17:01 _client.py:1428 Control loop (ms): 55.64
DEBUG 2026-09-06 03:17:01 by1/rby1.py:813 [ramp] elapsed=5.54s progress=1.000 min_time=0.070s
DEBUG 2026-09-06 03:17:01 by1/rby1.py:663 [impedance] stiffness=[400.0, 400.0, 400.0, 400.0, 400.0, 400.0, 150.0, 150.0, 150.0, 150.0, 150.0, 150.0, 150.0, 150.0, 150.0, 150.0, 150.0, 150.0, 150.0, 150.0], torque_limit=[500.0, 500.0, 500.0, 500.0, 500.0, 500.0, 40.0, 40.0, 40.0, 40.0, 40.0, 40.0, 40.0, 40.0, 40.0, 40.0, 40.0, 40.0, 40.0, 40.0], damping=1.0
DEBUG 2026-09-06 03:17:01 /gripper.py:183 [Gripper] set_positions: normalized=[0. 0.], target_rad=[4.0236 3.0081]
DEBUG 2026-09-06 03:17:01 _client.py:1428 Control loop (ms): 13.23
DEBUG 2026-09-06 03:17:01 by1/rby1.py:813 [ramp] elapsed=5.61s progress=1.000 min_time=0.070s
DEBUG 2026-09-06 03:17:01 by1/rby1.py:663 [impedance] stiffness=[400.0, 400.0, 400.0, 400.0, 400.0, 400.0, 150.0, 150.0, 150.0, 150.0, 150.0, 150.0, 150.0, 150.0, 150.0, 150.0, 150.0, 150.0, 150.0, 150.0], torque_limit=[500.0, 500.0, 500.0, 500.0, 500.0, 500.0, 40.0, 40.0, 40.0, 40.0, 40.0, 40.0, 40.0, 40.0, 40.0, 40.0, 40.0, 40.0, 40.0, 40.0], damping=1.0
DEBUG 2026-09-06 03:17:01 /gripper.py:183 [Gripper] set_positions: normalized=[0. 0.], target_rad=[4.0236 3.0081]
DEBUG 2026-09-06 03:17:01 _client.py:1428 Control loop (ms): 10.97
DEBUG 2026-09-06 03:17:01 by1/rby1.py:813 [ramp] elapsed=5.68s progress=1.000 min_time=0.070s
DEBUG 2026-09-06 03:17:01 by1/rby1.py:663 [impedance] stiffness=[400.0, 400.0, 400.0, 400.0, 400.0, 400.0, 150.0, 150.0, 150.0, 150.0, 150.0, 150.0, 150.0, 150.0, 150.0, 150.0, 150.0, 150.0, 150.0, 150.0], torque_limit=[500.0, 500.0, 500.0, 500.0, 500.0, 500.0, 40.0, 40.0, 40.0, 40.0, 40.0, 40.0, 40.0, 40.0, 40.0, 40.0, 40.0, 40.0, 40.0, 40.0], damping=1.0
DEBUG 2026-09-06 03:17:01 /gripper.py:183 [Gripper] set_positions: normalized=[0. 0.], target_rad=[4.0236 3.0081]
DEBUG 2026-09-06 03:17:01 _client.py:1428 Control loop (ms): 10.90
DEBUG 2026-09-06 03:17:01 by1/rby1.py:813 [ramp] elapsed=5.74s progress=1.000 min_time=0.070s
DEBUG 2026-09-06 03:17:01 by1/rby1.py:663 [impedance] stiffness=[400.0, 400.0, 400.0, 400.0, 400.0, 400.0, 150.0, 150.0, 150.0, 150.0, 150.0, 150.0, 150.0, 150.0, 150.0, 150.0, 150.0, 150.0, 150.0, 150.0], torque_limit=[500.0, 500.0, 500.0, 500.0, 500.0, 500.0, 40.0, 40.0, 40.0, 40.0, 40.0, 40.0, 40.0, 40.0, 40.0, 40.0, 40.0, 40.0, 40.0, 40.0], damping=1.0
DEBUG 2026-09-06 03:17:01 /gripper.py:183 [Gripper] set_positions: normalized=[0. 0.], target_rad=[4.0236 3.0081]
DEBUG 2026-09-06 03:17:01 _client.py:1428 Control loop (ms): 13.49
DEBUG 2026-09-06 03:17:01 by1/rby1.py:813 [ramp] elapsed=5.81s progress=1.000 min_time=0.070s
DEBUG 2026-09-06 03:17:01 by1/rby1.py:663 [impedance] stiffness=[400.0, 400.0, 400.0, 400.0, 400.0, 400.0, 150.0, 150.0, 150.0, 150.0, 150.0, 150.0, 150.0, 150.0, 150.0, 150.0, 150.0, 150.0, 150.0, 150.0], torque_limit=[500.0, 500.0, 500.0, 500.0, 500.0, 500.0, 40.0, 40.0, 40.0, 40.0, 40.0, 40.0, 40.0, 40.0, 40.0, 40.0, 40.0, 40.0, 40.0, 40.0], damping=1.0
DEBUG 2026-09-06 03:17:01 t_client.py:700 Received actions on device: cpu
DEBUG 2026-09-06 03:17:01 t_client.py:710 Actions kept on device: cpu
DEBUG 2026-09-06 03:17:01 /gripper.py:183 [Gripper] set_positions: normalized=[0. 0.], target_rad=[4.0236 3.0081]
DEBUG 2026-09-06 03:17:01 _client.py:1428 Control loop (ms): 15.90
DEBUG 2026-09-06 03:17:01 _client.py:1428 Control loop (ms): 0.06
DEBUG 2026-09-06 03:17:01 by1/rby1.py:813 [ramp] elapsed=5.94s progress=1.000 min_time=0.070s
DEBUG 2026-09-06 03:17:01 by1/rby1.py:663 [impedance] stiffness=[400.0, 400.0, 400.0, 400.0, 400.0, 400.0, 150.0, 150.0, 150.0, 150.0, 150.0, 150.0, 150.0, 150.0, 150.0, 150.0, 150.0, 150.0, 150.0, 150.0], torque_limit=[500.0, 500.0, 500.0, 500.0, 500.0, 500.0, 40.0, 40.0, 40.0, 40.0, 40.0, 40.0, 40.0, 40.0, 40.0, 40.0, 40.0, 40.0, 40.0, 40.0], damping=1.0
DEBUG 2026-09-06 03:17:01 /gripper.py:183 [Gripper] set_positions: normalized=[0. 0.], target_rad=[4.0236 3.0081]
DEBUG 2026-09-06 03:17:01 _client.py:1428 Control loop (ms): 14.26
DEBUG 2026-09-06 03:17:01 by1/rby1.py:813 [ramp] elapsed=6.01s progress=1.000 min_time=0.070s
DEBUG 2026-09-06 03:17:01 by1/rby1.py:663 [impedance] stiffness=[400.0, 400.0, 400.0, 400.0, 400.0, 400.0, 150.0, 150.0, 150.0, 150.0, 150.0, 150.0, 150.0, 150.0, 150.0, 150.0, 150.0, 150.0, 150.0, 150.0], torque_limit=[500.0, 500.0, 500.0, 500.0, 500.0, 500.0, 40.0, 40.0, 40.0, 40.0, 40.0, 40.0, 40.0, 40.0, 40.0, 40.0, 40.0, 40.0, 40.0, 40.0], damping=1.0
DEBUG 2026-09-06 03:17:01 /gripper.py:183 [Gripper] set_positions: normalized=[0.    0.002], target_rad=[4.0236 3.0153]
DEBUG 2026-09-06 03:17:01 _client.py:1428 Control loop (ms): 11.50
DEBUG 2026-09-06 03:17:01 by1/rby1.py:813 [ramp] elapsed=6.08s progress=1.000 min_time=0.070s
DEBUG 2026-09-06 03:17:01 by1/rby1.py:663 [impedance] stiffness=[400.0, 400.0, 400.0, 400.0, 400.0, 400.0, 150.0, 150.0, 150.0, 150.0, 150.0, 150.0, 150.0, 150.0, 150.0, 150.0, 150.0, 150.0, 150.0, 150.0], torque_limit=[500.0, 500.0, 500.0, 500.0, 500.0, 500.0, 40.0, 40.0, 40.0, 40.0, 40.0, 40.0, 40.0, 40.0, 40.0, 40.0, 40.0, 40.0, 40.0, 40.0], damping=1.0
DEBUG 2026-09-06 03:17:01 /gripper.py:183 [Gripper] set_positions: normalized=[0.    0.002], target_rad=[4.0236 3.0167]
DEBUG 2026-09-06 03:17:01 _client.py:1428 Control loop (ms): 12.73
DEBUG 2026-09-06 03:17:01 by1/rby1.py:813 [ramp] elapsed=6.14s progress=1.000 min_time=0.070s
DEBUG 2026-09-06 03:17:02 by1/rby1.py:663 [impedance] stiffness=[400.0, 400.0, 400.0, 400.0, 400.0, 400.0, 150.0, 150.0, 150.0, 150.0, 150.0, 150.0, 150.0, 150.0, 150.0, 150.0, 150.0, 150.0, 150.0, 150.0], torque_limit=[500.0, 500.0, 500.0, 500.0, 500.0, 500.0, 40.0, 40.0, 40.0, 40.0, 40.0, 40.0, 40.0, 40.0, 40.0, 40.0, 40.0, 40.0, 40.0, 40.0], damping=1.0
DEBUG 2026-09-06 03:17:02 /gripper.py:183 [Gripper] set_positions: normalized=[0.    0.002], target_rad=[4.0236 3.0167]
DEBUG 2026-09-06 03:17:02 _client.py:1428 Control loop (ms): 11.87
DEBUG 2026-09-06 03:17:02 by1/rby1.py:813 [ramp] elapsed=6.21s progress=1.000 min_time=0.070s
DEBUG 2026-09-06 03:17:02 by1/rby1.py:663 [impedance] stiffness=[400.0, 400.0, 400.0, 400.0, 400.0, 400.0, 150.0, 150.0, 150.0, 150.0, 150.0, 150.0, 150.0, 150.0, 150.0, 150.0, 150.0, 150.0, 150.0, 150.0], torque_limit=[500.0, 500.0, 500.0, 500.0, 500.0, 500.0, 40.0, 40.0, 40.0, 40.0, 40.0, 40.0, 40.0, 40.0, 40.0, 40.0, 40.0, 40.0, 40.0, 40.0], damping=1.0
DEBUG 2026-09-06 03:17:02 /gripper.py:183 [Gripper] set_positions: normalized=[0. 0.], target_rad=[4.0236 3.0081]
DEBUG 2026-09-06 03:17:02 _client.py:1428 Control loop (ms): 13.10
DEBUG 2026-09-06 03:17:02 by1/rby1.py:813 [ramp] elapsed=6.28s progress=1.000 min_time=0.070s
DEBUG 2026-09-06 03:17:02 by1/rby1.py:663 [impedance] stiffness=[400.0, 400.0, 400.0, 400.0, 400.0, 400.0, 150.0, 150.0, 150.0, 150.0, 150.0, 150.0, 150.0, 150.0, 150.0, 150.0, 150.0, 150.0, 150.0, 150.0], torque_limit=[500.0, 500.0, 500.0, 500.0, 500.0, 500.0, 40.0, 40.0, 40.0, 40.0, 40.0, 40.0, 40.0, 40.0, 40.0, 40.0, 40.0, 40.0, 40.0, 40.0], damping=1.0
DEBUG 2026-09-06 03:17:02 /gripper.py:183 [Gripper] set_positions: normalized=[0. 0.], target_rad=[4.0236 3.01  ]
DEBUG 2026-09-06 03:17:02 _client.py:1428 Control loop (ms): 12.07
DEBUG 2026-09-06 03:17:02 by1/rby1.py:813 [ramp] elapsed=6.34s progress=1.000 min_time=0.070s
DEBUG 2026-09-06 03:17:02 by1/rby1.py:663 [impedance] stiffness=[400.0, 400.0, 400.0, 400.0, 400.0, 400.0, 150.0, 150.0, 150.0, 150.0, 150.0, 150.0, 150.0, 150.0, 150.0, 150.0, 150.0, 150.0, 150.0, 150.0], torque_limit=[500.0, 500.0, 500.0, 500.0, 500.0, 500.0, 40.0, 40.0, 40.0, 40.0, 40.0, 40.0, 40.0, 40.0, 40.0, 40.0, 40.0, 40.0, 40.0, 40.0], damping=1.0
DEBUG 2026-09-06 03:17:02 /gripper.py:183 [Gripper] set_positions: normalized=[0. 0.], target_rad=[4.0236 3.0081]
DEBUG 2026-09-06 03:17:02 _client.py:1428 Control loop (ms): 11.64
DEBUG 2026-09-06 03:17:02 by1/rby1.py:813 [ramp] elapsed=6.41s progress=1.000 min_time=0.070s
DEBUG 2026-09-06 03:17:02 by1/rby1.py:663 [impedance] stiffness=[400.0, 400.0, 400.0, 400.0, 400.0, 400.0, 150.0, 150.0, 150.0, 150.0, 150.0, 150.0, 150.0, 150.0, 150.0, 150.0, 150.0, 150.0, 150.0, 150.0], torque_limit=[500.0, 500.0, 500.0, 500.0, 500.0, 500.0, 40.0, 40.0, 40.0, 40.0, 40.0, 40.0, 40.0, 40.0, 40.0, 40.0, 40.0, 40.0, 40.0, 40.0], damping=1.0
DEBUG 2026-09-06 03:17:02 /gripper.py:183 [Gripper] set_positions: normalized=[0. 0.], target_rad=[4.0236 3.0081]
DEBUG 2026-09-06 03:17:02 _client.py:1428 Control loop (ms): 12.69
DEBUG 2026-09-06 03:17:02 by1/rby1.py:813 [ramp] elapsed=6.48s progress=1.000 min_time=0.070s
DEBUG 2026-09-06 03:17:02 by1/rby1.py:663 [impedance] stiffness=[400.0, 400.0, 400.0, 400.0, 400.0, 400.0, 150.0, 150.0, 150.0, 150.0, 150.0, 150.0, 150.0, 150.0, 150.0, 150.0, 150.0, 150.0, 150.0, 150.0], torque_limit=[500.0, 500.0, 500.0, 500.0, 500.0, 500.0, 40.0, 40.0, 40.0, 40.0, 40.0, 40.0, 40.0, 40.0, 40.0, 40.0, 40.0, 40.0, 40.0, 40.0], damping=1.0
DEBUG 2026-09-06 03:17:02 /gripper.py:183 [Gripper] set_positions: normalized=[0.    0.002], target_rad=[4.0236 3.0177]
DEBUG 2026-09-06 03:17:02 _client.py:1428 Control loop (ms): 12.17
DEBUG 2026-09-06 03:17:02 by1/rby1.py:813 [ramp] elapsed=6.54s progress=1.000 min_time=0.070s
DEBUG 2026-09-06 03:17:02 by1/rby1.py:663 [impedance] stiffness=[400.0, 400.0, 400.0, 400.0, 400.0, 400.0, 150.0, 150.0, 150.0, 150.0, 150.0, 150.0, 150.0, 150.0, 150.0, 150.0, 150.0, 150.0, 150.0, 150.0], torque_limit=[500.0, 500.0, 500.0, 500.0, 500.0, 500.0, 40.0, 40.0, 40.0, 40.0, 40.0, 40.0, 40.0, 40.0, 40.0, 40.0, 40.0, 40.0, 40.0, 40.0], damping=1.0
DEBUG 2026-09-06 03:17:02 /gripper.py:183 [Gripper] set_positions: normalized=[0.    0.004], target_rad=[4.0236 3.026 ]
DEBUG 2026-09-06 03:17:02 _client.py:1428 Control loop (ms): 15.31
DEBUG 2026-09-06 03:17:02 by1/rby1.py:813 [ramp] elapsed=6.61s progress=1.000 min_time=0.070s
DEBUG 2026-09-06 03:17:02 by1/rby1.py:663 [impedance] stiffness=[400.0, 400.0, 400.0, 400.0, 400.0, 400.0, 150.0, 150.0, 150.0, 150.0, 150.0, 150.0, 150.0, 150.0, 150.0, 150.0, 150.0, 150.0, 150.0, 150.0], torque_limit=[500.0, 500.0, 500.0, 500.0, 500.0, 500.0, 40.0, 40.0, 40.0, 40.0, 40.0, 40.0, 40.0, 40.0, 40.0, 40.0, 40.0, 40.0, 40.0, 40.0], damping=1.0
DEBUG 2026-09-06 03:17:02 /gripper.py:183 [Gripper] set_positions: normalized=[0.    0.002], target_rad=[4.0236 3.0153]
DEBUG 2026-09-06 03:17:02 _client.py:1428 Control loop (ms): 12.54
DEBUG 2026-09-06 03:17:02 by1/rby1.py:813 [ramp] elapsed=6.68s progress=1.000 min_time=0.070s
DEBUG 2026-09-06 03:17:02 by1/rby1.py:663 [impedance] stiffness=[400.0, 400.0, 400.0, 400.0, 400.0, 400.0, 150.0, 150.0, 150.0, 150.0, 150.0, 150.0, 150.0, 150.0, 150.0, 150.0, 150.0, 150.0, 150.0, 150.0], torque_limit=[500.0, 500.0, 500.0, 500.0, 500.0, 500.0, 40.0, 40.0, 40.0, 40.0, 40.0, 40.0, 40.0, 40.0, 40.0, 40.0, 40.0, 40.0, 40.0, 40.0], damping=1.0
DEBUG 2026-09-06 03:17:02 /gripper.py:183 [Gripper] set_positions: normalized=[0. 0.], target_rad=[4.0236 3.0081]
DEBUG 2026-09-06 03:17:02 _client.py:1428 Control loop (ms): 13.79
DEBUG 2026-09-06 03:17:02 by1/rby1.py:813 [ramp] elapsed=6.74s progress=1.000 min_time=0.070s
DEBUG 2026-09-06 03:17:02 by1/rby1.py:663 [impedance] stiffness=[400.0, 400.0, 400.0, 400.0, 400.0, 400.0, 150.0, 150.0, 150.0, 150.0, 150.0, 150.0, 150.0, 150.0, 150.0, 150.0, 150.0, 150.0, 150.0, 150.0], torque_limit=[500.0, 500.0, 500.0, 500.0, 500.0, 500.0, 40.0, 40.0, 40.0, 40.0, 40.0, 40.0, 40.0, 40.0, 40.0, 40.0, 40.0, 40.0, 40.0, 40.0], damping=1.0
DEBUG 2026-09-06 03:17:02 /gripper.py:183 [Gripper] set_positions: normalized=[0. 0.], target_rad=[4.0236 3.0098]
DEBUG 2026-09-06 03:17:02 _client.py:1428 Control loop (ms): 14.08
DEBUG 2026-09-06 03:17:02 by1/rby1.py:813 [ramp] elapsed=6.81s progress=1.000 min_time=0.070s
DEBUG 2026-09-06 03:17:02 by1/rby1.py:663 [impedance] stiffness=[400.0, 400.0, 400.0, 400.0, 400.0, 400.0, 150.0, 150.0, 150.0, 150.0, 150.0, 150.0, 150.0, 150.0, 150.0, 150.0, 150.0, 150.0, 150.0, 150.0], torque_limit=[500.0, 500.0, 500.0, 500.0, 500.0, 500.0, 40.0, 40.0, 40.0, 40.0, 40.0, 40.0, 40.0, 40.0, 40.0, 40.0, 40.0, 40.0, 40.0, 40.0], damping=1.0
DEBUG 2026-09-06 03:17:02 /gripper.py:183 [Gripper] set_positions: normalized=[0. 0.], target_rad=[4.0236 3.0081]
DEBUG 2026-09-06 03:17:02 _client.py:1428 Control loop (ms): 12.08
DEBUG 2026-09-06 03:17:02 by1/rby1.py:813 [ramp] elapsed=6.88s progress=1.000 min_time=0.070s
DEBUG 2026-09-06 03:17:02 by1/rby1.py:663 [impedance] stiffness=[400.0, 400.0, 400.0, 400.0, 400.0, 400.0, 150.0, 150.0, 150.0, 150.0, 150.0, 150.0, 150.0, 150.0, 150.0, 150.0, 150.0, 150.0, 150.0, 150.0], torque_limit=[500.0, 500.0, 500.0, 500.0, 500.0, 500.0, 40.0, 40.0, 40.0, 40.0, 40.0, 40.0, 40.0, 40.0, 40.0, 40.0, 40.0, 40.0, 40.0, 40.0], damping=1.0
DEBUG 2026-09-06 03:17:02 /gripper.py:183 [Gripper] set_positions: normalized=[0. 0.], target_rad=[4.0236 3.0081]
DEBUG 2026-09-06 03:17:02 _client.py:1428 Control loop (ms): 11.53
DEBUG 2026-09-06 03:17:02 by1/rby1.py:813 [ramp] elapsed=6.94s progress=1.000 min_time=0.070s
DEBUG 2026-09-06 03:17:02 by1/rby1.py:663 [impedance] stiffness=[400.0, 400.0, 400.0, 400.0, 400.0, 400.0, 150.0, 150.0, 150.0, 150.0, 150.0, 150.0, 150.0, 150.0, 150.0, 150.0, 150.0, 150.0, 150.0, 150.0], torque_limit=[500.0, 500.0, 500.0, 500.0, 500.0, 500.0, 40.0, 40.0, 40.0, 40.0, 40.0, 40.0, 40.0, 40.0, 40.0, 40.0, 40.0, 40.0, 40.0, 40.0], damping=1.0
DEBUG 2026-09-06 03:17:02 /gripper.py:183 [Gripper] set_positions: normalized=[0. 0.], target_rad=[4.0236 3.0081]
DEBUG 2026-09-06 03:17:02 _client.py:1428 Control loop (ms): 12.59
DEBUG 2026-09-06 03:17:02 by1/rby1.py:813 [ramp] elapsed=7.01s progress=1.000 min_time=0.070s
DEBUG 2026-09-06 03:17:02 by1/rby1.py:663 [impedance] stiffness=[400.0, 400.0, 400.0, 400.0, 400.0, 400.0, 150.0, 150.0, 150.0, 150.0, 150.0, 150.0, 150.0, 150.0, 150.0, 150.0, 150.0, 150.0, 150.0, 150.0], torque_limit=[500.0, 500.0, 500.0, 500.0, 500.0, 500.0, 40.0, 40.0, 40.0, 40.0, 40.0, 40.0, 40.0, 40.0, 40.0, 40.0, 40.0, 40.0, 40.0, 40.0], damping=1.0
DEBUG 2026-09-06 03:17:02 /gripper.py:183 [Gripper] set_positions: normalized=[0. 0.], target_rad=[4.0236 3.0081]
DEBUG 2026-09-06 03:17:02 _client.py:1428 Control loop (ms): 11.97
DEBUG 2026-09-06 03:17:02 by1/rby1.py:813 [ramp] elapsed=7.08s progress=1.000 min_time=0.070s
DEBUG 2026-09-06 03:17:02 by1/rby1.py:663 [impedance] stiffness=[400.0, 400.0, 400.0, 400.0, 400.0, 400.0, 150.0, 150.0, 150.0, 150.0, 150.0, 150.0, 150.0, 150.0, 150.0, 150.0, 150.0, 150.0, 150.0, 150.0], torque_limit=[500.0, 500.0, 500.0, 500.0, 500.0, 500.0, 40.0, 40.0, 40.0, 40.0, 40.0, 40.0, 40.0, 40.0, 40.0, 40.0, 40.0, 40.0, 40.0, 40.0], damping=1.0
DEBUG 2026-09-06 03:17:02 /gripper.py:183 [Gripper] set_positions: normalized=[0. 0.], target_rad=[4.0236 3.0081]
DEBUG 2026-09-06 03:17:02 _client.py:1428 Control loop (ms): 11.09
DEBUG 2026-09-06 03:17:03 by1/rby1.py:813 [ramp] elapsed=7.14s progress=1.000 min_time=0.070s
DEBUG 2026-09-06 03:17:03 by1/rby1.py:663 [impedance] stiffness=[400.0, 400.0, 400.0, 400.0, 400.0, 400.0, 150.0, 150.0, 150.0, 150.0, 150.0, 150.0, 150.0, 150.0, 150.0, 150.0, 150.0, 150.0, 150.0, 150.0], torque_limit=[500.0, 500.0, 500.0, 500.0, 500.0, 500.0, 40.0, 40.0, 40.0, 40.0, 40.0, 40.0, 40.0, 40.0, 40.0, 40.0, 40.0, 40.0, 40.0, 40.0], damping=1.0
DEBUG 2026-09-06 03:17:03 /gripper.py:183 [Gripper] set_positions: normalized=[0.001 0.   ], target_rad=[4.0285 3.0081]
DEBUG 2026-09-06 03:17:03 t_client.py:512 Image transport preprocessing: images=3 | resize=0.000ms | JPEG encode=16.456ms | total=16.659ms | original=2764800 bytes | transport=96132 bytes | compression=28.76x
DEBUG 2026-09-06 03:17:03 t_client.py:535 Observation serialization time: 0.000134s
DEBUG 2026-09-06 03:17:03 ort/utils.py:54 [CLIENT] Observation Buffer size 0.09249401092529297 MB with
DEBUG 2026-09-06 03:17:03 ort/utils.py:69 [CLIENT] Observation Sent 96987/96987 bytes with state 3
DEBUG 2026-09-06 03:17:03 ort/utils.py:71 [CLIENT] Observation Published 0.09249401092529297 MB
DEBUG 2026-09-06 03:17:03 t_client.py:546 Sent observation #120 | 
DEBUG 2026-09-06 03:17:03 _client.py:1073 QUEUE SIZE: 25 (Must go: True)
DEBUG 2026-09-06 03:17:03 _client.py:1428 Control loop (ms): 61.95
DEBUG 2026-09-06 03:17:03 by1/rby1.py:813 [ramp] elapsed=7.21s progress=1.000 min_time=0.070s
DEBUG 2026-09-06 03:17:03 by1/rby1.py:663 [impedance] stiffness=[400.0, 400.0, 400.0, 400.0, 400.0, 400.0, 150.0, 150.0, 150.0, 150.0, 150.0, 150.0, 150.0, 150.0, 150.0, 150.0, 150.0, 150.0, 150.0, 150.0], torque_limit=[500.0, 500.0, 500.0, 500.0, 500.0, 500.0, 40.0, 40.0, 40.0, 40.0, 40.0, 40.0, 40.0, 40.0, 40.0, 40.0, 40.0, 40.0, 40.0, 40.0], damping=1.0
DEBUG 2026-09-06 03:17:03 /gripper.py:183 [Gripper] set_positions: normalized=[0. 0.], target_rad=[4.0236 3.0081]
DEBUG 2026-09-06 03:17:03 _client.py:1428 Control loop (ms): 11.75
DEBUG 2026-09-06 03:17:03 by1/rby1.py:813 [ramp] elapsed=7.28s progress=1.000 min_time=0.070s
DEBUG 2026-09-06 03:17:03 by1/rby1.py:663 [impedance] stiffness=[400.0, 400.0, 400.0, 400.0, 400.0, 400.0, 150.0, 150.0, 150.0, 150.0, 150.0, 150.0, 150.0, 150.0, 150.0, 150.0, 150.0, 150.0, 150.0, 150.0], torque_limit=[500.0, 500.0, 500.0, 500.0, 500.0, 500.0, 40.0, 40.0, 40.0, 40.0, 40.0, 40.0, 40.0, 40.0, 40.0, 40.0, 40.0, 40.0, 40.0, 40.0], damping=1.0
DEBUG 2026-09-06 03:17:03 /gripper.py:183 [Gripper] set_positions: normalized=[0. 0.], target_rad=[4.0236 3.0081]
DEBUG 2026-09-06 03:17:03 _client.py:1428 Control loop (ms): 12.71
DEBUG 2026-09-06 03:17:03 by1/rby1.py:813 [ramp] elapsed=7.34s progress=1.000 min_time=0.070s
DEBUG 2026-09-06 03:17:03 by1/rby1.py:663 [impedance] stiffness=[400.0, 400.0, 400.0, 400.0, 400.0, 400.0, 150.0, 150.0, 150.0, 150.0, 150.0, 150.0, 150.0, 150.0, 150.0, 150.0, 150.0, 150.0, 150.0, 150.0], torque_limit=[500.0, 500.0, 500.0, 500.0, 500.0, 500.0, 40.0, 40.0, 40.0, 40.0, 40.0, 40.0, 40.0, 40.0, 40.0, 40.0, 40.0, 40.0, 40.0, 40.0], damping=1.0
DEBUG 2026-09-06 03:17:03 /gripper.py:183 [Gripper] set_positions: normalized=[0. 0.], target_rad=[4.0236 3.0081]
DEBUG 2026-09-06 03:17:03 _client.py:1428 Control loop (ms): 12.06
DEBUG 2026-09-06 03:17:03 by1/rby1.py:813 [ramp] elapsed=7.41s progress=1.000 min_time=0.070s
DEBUG 2026-09-06 03:17:03 by1/rby1.py:663 [impedance] stiffness=[400.0, 400.0, 400.0, 400.0, 400.0, 400.0, 150.0, 150.0, 150.0, 150.0, 150.0, 150.0, 150.0, 150.0, 150.0, 150.0, 150.0, 150.0, 150.0, 150.0], torque_limit=[500.0, 500.0, 500.0, 500.0, 500.0, 500.0, 40.0, 40.0, 40.0, 40.0, 40.0, 40.0, 40.0, 40.0, 40.0, 40.0, 40.0, 40.0, 40.0, 40.0], damping=1.0
DEBUG 2026-09-06 03:17:03 /gripper.py:183 [Gripper] set_positions: normalized=[0. 0.], target_rad=[4.0236 3.0081]
DEBUG 2026-09-06 03:17:03 _client.py:1428 Control loop (ms): 11.10
DEBUG 2026-09-06 03:17:03 by1/rby1.py:813 [ramp] elapsed=7.48s progress=1.000 min_time=0.070s
DEBUG 2026-09-06 03:17:03 by1/rby1.py:663 [impedance] stiffness=[400.0, 400.0, 400.0, 400.0, 400.0, 400.0, 150.0, 150.0, 150.0, 150.0, 150.0, 150.0, 150.0, 150.0, 150.0, 150.0, 150.0, 150.0, 150.0, 150.0], torque_limit=[500.0, 500.0, 500.0, 500.0, 500.0, 500.0, 40.0, 40.0, 40.0, 40.0, 40.0, 40.0, 40.0, 40.0, 40.0, 40.0, 40.0, 40.0, 40.0, 40.0], damping=1.0
DEBUG 2026-09-06 03:17:03 /gripper.py:183 [Gripper] set_positions: normalized=[0. 0.], target_rad=[4.0236 3.0081]
DEBUG 2026-09-06 03:17:03 _client.py:1428 Control loop (ms): 15.41
DEBUG 2026-09-06 03:17:03 t_client.py:700 Received actions on device: cpu
DEBUG 2026-09-06 03:17:03 t_client.py:710 Actions kept on device: cpu
DEBUG 2026-09-06 03:17:03 _client.py:1428 Control loop (ms): 0.03
DEBUG 2026-09-06 03:17:03 by1/rby1.py:813 [ramp] elapsed=7.61s progress=1.000 min_time=0.070s
DEBUG 2026-09-06 03:17:03 by1/rby1.py:663 [impedance] stiffness=[400.0, 400.0, 400.0, 400.0, 400.0, 400.0, 150.0, 150.0, 150.0, 150.0, 150.0, 150.0, 150.0, 150.0, 150.0, 150.0, 150.0, 150.0, 150.0, 150.0], torque_limit=[500.0, 500.0, 500.0, 500.0, 500.0, 500.0, 40.0, 40.0, 40.0, 40.0, 40.0, 40.0, 40.0, 40.0, 40.0, 40.0, 40.0, 40.0, 40.0, 40.0], damping=1.0
DEBUG 2026-09-06 03:17:03 /gripper.py:183 [Gripper] set_positions: normalized=[0. 0.], target_rad=[4.0236 3.0081]
DEBUG 2026-09-06 03:17:03 _client.py:1428 Control loop (ms): 12.84
DEBUG 2026-09-06 03:17:03 by1/rby1.py:813 [ramp] elapsed=7.68s progress=1.000 min_time=0.070s
DEBUG 2026-09-06 03:17:03 by1/rby1.py:663 [impedance] stiffness=[400.0, 400.0, 400.0, 400.0, 400.0, 400.0, 150.0, 150.0, 150.0, 150.0, 150.0, 150.0, 150.0, 150.0, 150.0, 150.0, 150.0, 150.0, 150.0, 150.0], torque_limit=[500.0, 500.0, 500.0, 500.0, 500.0, 500.0, 40.0, 40.0, 40.0, 40.0, 40.0, 40.0, 40.0, 40.0, 40.0, 40.0, 40.0, 40.0, 40.0, 40.0], damping=1.0
DEBUG 2026-09-06 03:17:03 /gripper.py:183 [Gripper] set_positions: normalized=[0. 0.], target_rad=[4.0236 3.0081]
DEBUG 2026-09-06 03:17:03 _client.py:1428 Control loop (ms): 12.11
DEBUG 2026-09-06 03:17:03 by1/rby1.py:813 [ramp] elapsed=7.75s progress=1.000 min_time=0.070s
DEBUG 2026-09-06 03:17:03 by1/rby1.py:663 [impedance] stiffness=[400.0, 400.0, 400.0, 400.0, 400.0, 400.0, 150.0, 150.0, 150.0, 150.0, 150.0, 150.0, 150.0, 150.0, 150.0, 150.0, 150.0, 150.0, 150.0, 150.0], torque_limit=[500.0, 500.0, 500.0, 500.0, 500.0, 500.0, 40.0, 40.0, 40.0, 40.0, 40.0, 40.0, 40.0, 40.0, 40.0, 40.0, 40.0, 40.0, 40.0, 40.0], damping=1.0
DEBUG 2026-09-06 03:17:03 /gripper.py:183 [Gripper] set_positions: normalized=[0. 0.], target_rad=[4.0236 3.0081]
DEBUG 2026-09-06 03:17:03 _client.py:1428 Control loop (ms): 13.39
DEBUG 2026-09-06 03:17:03 by1/rby1.py:813 [ramp] elapsed=7.81s progress=1.000 min_time=0.070s
DEBUG 2026-09-06 03:17:03 by1/rby1.py:663 [impedance] stiffness=[400.0, 400.0, 400.0, 400.0, 400.0, 400.0, 150.0, 150.0, 150.0, 150.0, 150.0, 150.0, 150.0, 150.0, 150.0, 150.0, 150.0, 150.0, 150.0, 150.0], torque_limit=[500.0, 500.0, 500.0, 500.0, 500.0, 500.0, 40.0, 40.0, 40.0, 40.0, 40.0, 40.0, 40.0, 40.0, 40.0, 40.0, 40.0, 40.0, 40.0, 40.0], damping=1.0
DEBUG 2026-09-06 03:17:03 /gripper.py:183 [Gripper] set_positions: normalized=[0. 0.], target_rad=[4.0236 3.0081]
DEBUG 2026-09-06 03:17:03 _client.py:1428 Control loop (ms): 12.28
DEBUG 2026-09-06 03:17:03 by1/rby1.py:813 [ramp] elapsed=7.88s progress=1.000 min_time=0.070s
DEBUG 2026-09-06 03:17:03 by1/rby1.py:663 [impedance] stiffness=[400.0, 400.0, 400.0, 400.0, 400.0, 400.0, 150.0, 150.0, 150.0, 150.0, 150.0, 150.0, 150.0, 150.0, 150.0, 150.0, 150.0, 150.0, 150.0, 150.0], torque_limit=[500.0, 500.0, 500.0, 500.0, 500.0, 500.0, 40.0, 40.0, 40.0, 40.0, 40.0, 40.0, 40.0, 40.0, 40.0, 40.0, 40.0, 40.0, 40.0, 40.0], damping=1.0
DEBUG 2026-09-06 03:17:03 /gripper.py:183 [Gripper] set_positions: normalized=[0. 0.], target_rad=[4.0236 3.0081]
DEBUG 2026-09-06 03:17:03 _client.py:1428 Control loop (ms): 11.54
DEBUG 2026-09-06 03:17:03 by1/rby1.py:813 [ramp] elapsed=7.95s progress=1.000 min_time=0.070s
DEBUG 2026-09-06 03:17:03 by1/rby1.py:663 [impedance] stiffness=[400.0, 400.0, 400.0, 400.0, 400.0, 400.0, 150.0, 150.0, 150.0, 150.0, 150.0, 150.0, 150.0, 150.0, 150.0, 150.0, 150.0, 150.0, 150.0, 150.0], torque_limit=[500.0, 500.0, 500.0, 500.0, 500.0, 500.0, 40.0, 40.0, 40.0, 40.0, 40.0, 40.0, 40.0, 40.0, 40.0, 40.0, 40.0, 40.0, 40.0, 40.0], damping=1.0
DEBUG 2026-09-06 03:17:03 /gripper.py:183 [Gripper] set_positions: normalized=[0. 0.], target_rad=[4.0236 3.0101]
DEBUG 2026-09-06 03:17:03 _client.py:1428 Control loop (ms): 13.16
DEBUG 2026-09-06 03:17:03 by1/rby1.py:813 [ramp] elapsed=8.01s progress=1.000 min_time=0.070s
DEBUG 2026-09-06 03:17:03 by1/rby1.py:663 [impedance] stiffness=[400.0, 400.0, 400.0, 400.0, 400.0, 400.0, 150.0, 150.0, 150.0, 150.0, 150.0, 150.0, 150.0, 150.0, 150.0, 150.0, 150.0, 150.0, 150.0, 150.0], torque_limit=[500.0, 500.0, 500.0, 500.0, 500.0, 500.0, 40.0, 40.0, 40.0, 40.0, 40.0, 40.0, 40.0, 40.0, 40.0, 40.0, 40.0, 40.0, 40.0, 40.0], damping=1.0
DEBUG 2026-09-06 03:17:03 /gripper.py:183 [Gripper] set_positions: normalized=[0. 0.], target_rad=[4.0236 3.0081]
DEBUG 2026-09-06 03:17:03 _client.py:1428 Control loop (ms): 11.99
DEBUG 2026-09-06 03:17:03 by1/rby1.py:813 [ramp] elapsed=8.08s progress=1.000 min_time=0.070s
DEBUG 2026-09-06 03:17:03 by1/rby1.py:663 [impedance] stiffness=[400.0, 400.0, 400.0, 400.0, 400.0, 400.0, 150.0, 150.0, 150.0, 150.0, 150.0, 150.0, 150.0, 150.0, 150.0, 150.0, 150.0, 150.0, 150.0, 150.0], torque_limit=[500.0, 500.0, 500.0, 500.0, 500.0, 500.0, 40.0, 40.0, 40.0, 40.0, 40.0, 40.0, 40.0, 40.0, 40.0, 40.0, 40.0, 40.0, 40.0, 40.0], damping=1.0
DEBUG 2026-09-06 03:17:03 /gripper.py:183 [Gripper] set_positions: normalized=[0. 0.], target_rad=[4.0236 3.0081]
DEBUG 2026-09-06 03:17:03 _client.py:1428 Control loop (ms): 13.23
DEBUG 2026-09-06 03:17:04 by1/rby1.py:813 [ramp] elapsed=8.15s progress=1.000 min_time=0.070s
DEBUG 2026-09-06 03:17:04 by1/rby1.py:663 [impedance] stiffness=[400.0, 400.0, 400.0, 400.0, 400.0, 400.0, 150.0, 150.0, 150.0, 150.0, 150.0, 150.0, 150.0, 150.0, 150.0, 150.0, 150.0, 150.0, 150.0, 150.0], torque_limit=[500.0, 500.0, 500.0, 500.0, 500.0, 500.0, 40.0, 40.0, 40.0, 40.0, 40.0, 40.0, 40.0, 40.0, 40.0, 40.0, 40.0, 40.0, 40.0, 40.0], damping=1.0
DEBUG 2026-09-06 03:17:04 /gripper.py:183 [Gripper] set_positions: normalized=[0.    0.002], target_rad=[4.0236 3.0168]
DEBUG 2026-09-06 03:17:04 _client.py:1428 Control loop (ms): 12.88
DEBUG 2026-09-06 03:17:04 by1/rby1.py:813 [ramp] elapsed=8.21s progress=1.000 min_time=0.070s
DEBUG 2026-09-06 03:17:04 by1/rby1.py:663 [impedance] stiffness=[400.0, 400.0, 400.0, 400.0, 400.0, 400.0, 150.0, 150.0, 150.0, 150.0, 150.0, 150.0, 150.0, 150.0, 150.0, 150.0, 150.0, 150.0, 150.0, 150.0], torque_limit=[500.0, 500.0, 500.0, 500.0, 500.0, 500.0, 40.0, 40.0, 40.0, 40.0, 40.0, 40.0, 40.0, 40.0, 40.0, 40.0, 40.0, 40.0, 40.0, 40.0], damping=1.0
DEBUG 2026-09-06 03:17:04 /gripper.py:183 [Gripper] set_positions: normalized=[0.    0.006], target_rad=[4.0236 3.0356]
DEBUG 2026-09-06 03:17:04 _client.py:1428 Control loop (ms): 12.15
DEBUG 2026-09-06 03:17:04 by1/rby1.py:813 [ramp] elapsed=8.28s progress=1.000 min_time=0.070s
DEBUG 2026-09-06 03:17:04 by1/rby1.py:663 [impedance] stiffness=[400.0, 400.0, 400.0, 400.0, 400.0, 400.0, 150.0, 150.0, 150.0, 150.0, 150.0, 150.0, 150.0, 150.0, 150.0, 150.0, 150.0, 150.0, 150.0, 150.0], torque_limit=[500.0, 500.0, 500.0, 500.0, 500.0, 500.0, 40.0, 40.0, 40.0, 40.0, 40.0, 40.0, 40.0, 40.0, 40.0, 40.0, 40.0, 40.0, 40.0, 40.0], damping=1.0
DEBUG 2026-09-06 03:17:04 /gripper.py:183 [Gripper] set_positions: normalized=[0.    0.313], target_rad=[4.0236 4.4202]
DEBUG 2026-09-06 03:17:04 _client.py:1428 Control loop (ms): 15.40
DEBUG 2026-09-06 03:17:04 by1/rby1.py:813 [ramp] elapsed=8.35s progress=1.000 min_time=0.070s
DEBUG 2026-09-06 03:17:04 by1/rby1.py:663 [impedance] stiffness=[400.0, 400.0, 400.0, 400.0, 400.0, 400.0, 150.0, 150.0, 150.0, 150.0, 150.0, 150.0, 150.0, 150.0, 150.0, 150.0, 150.0, 150.0, 150.0, 150.0], torque_limit=[500.0, 500.0, 500.0, 500.0, 500.0, 500.0, 40.0, 40.0, 40.0, 40.0, 40.0, 40.0, 40.0, 40.0, 40.0, 40.0, 40.0, 40.0, 40.0, 40.0], damping=1.0
DEBUG 2026-09-06 03:17:04 /gripper.py:183 [Gripper] set_positions: normalized=[0.    0.353], target_rad=[4.0236 4.5989]
DEBUG 2026-09-06 03:17:04 _client.py:1428 Control loop (ms): 12.65
DEBUG 2026-09-06 03:17:04 by1/rby1.py:813 [ramp] elapsed=8.41s progress=1.000 min_time=0.070s
DEBUG 2026-09-06 03:17:04 by1/rby1.py:663 [impedance] stiffness=[400.0, 400.0, 400.0, 400.0, 400.0, 400.0, 150.0, 150.0, 150.0, 150.0, 150.0, 150.0, 150.0, 150.0, 150.0, 150.0, 150.0, 150.0, 150.0, 150.0], torque_limit=[500.0, 500.0, 500.0, 500.0, 500.0, 500.0, 40.0, 40.0, 40.0, 40.0, 40.0, 40.0, 40.0, 40.0, 40.0, 40.0, 40.0, 40.0, 40.0, 40.0], damping=1.0
DEBUG 2026-09-06 03:17:04 /gripper.py:183 [Gripper] set_positions: normalized=[0.   0.46], target_rad=[4.0236 5.0825]
DEBUG 2026-09-06 03:17:04 _client.py:1428 Control loop (ms): 12.86
DEBUG 2026-09-06 03:17:04 by1/rby1.py:813 [ramp] elapsed=8.48s progress=1.000 min_time=0.070s
DEBUG 2026-09-06 03:17:04 by1/rby1.py:663 [impedance] stiffness=[400.0, 400.0, 400.0, 400.0, 400.0, 400.0, 150.0, 150.0, 150.0, 150.0, 150.0, 150.0, 150.0, 150.0, 150.0, 150.0, 150.0, 150.0, 150.0, 150.0], torque_limit=[500.0, 500.0, 500.0, 500.0, 500.0, 500.0, 40.0, 40.0, 40.0, 40.0, 40.0, 40.0, 40.0, 40.0, 40.0, 40.0, 40.0, 40.0, 40.0, 40.0], damping=1.0
DEBUG 2026-09-06 03:17:04 /gripper.py:183 [Gripper] set_positions: normalized=[0.    0.562], target_rad=[4.0236 5.5407]
DEBUG 2026-09-06 03:17:04 _client.py:1428 Control loop (ms): 13.10
DEBUG 2026-09-06 03:17:04 by1/rby1.py:813 [ramp] elapsed=8.55s progress=1.000 min_time=0.070s
DEBUG 2026-09-06 03:17:04 by1/rby1.py:663 [impedance] stiffness=[400.0, 400.0, 400.0, 400.0, 400.0, 400.0, 150.0, 150.0, 150.0, 150.0, 150.0, 150.0, 150.0, 150.0, 150.0, 150.0, 150.0, 150.0, 150.0, 150.0], torque_limit=[500.0, 500.0, 500.0, 500.0, 500.0, 500.0, 40.0, 40.0, 40.0, 40.0, 40.0, 40.0, 40.0, 40.0, 40.0, 40.0, 40.0, 40.0, 40.0, 40.0], damping=1.0
DEBUG 2026-09-06 03:17:04 /gripper.py:183 [Gripper] set_positions: normalized=[0.    0.947], target_rad=[4.0236 7.2762]
DEBUG 2026-09-06 03:17:04 _client.py:1428 Control loop (ms): 12.35
DEBUG 2026-09-06 03:17:04 by1/rby1.py:813 [ramp] elapsed=8.61s progress=1.000 min_time=0.070s
DEBUG 2026-09-06 03:17:04 by1/rby1.py:663 [impedance] stiffness=[400.0, 400.0, 400.0, 400.0, 400.0, 400.0, 150.0, 150.0, 150.0, 150.0, 150.0, 150.0, 150.0, 150.0, 150.0, 150.0, 150.0, 150.0, 150.0, 150.0], torque_limit=[500.0, 500.0, 500.0, 500.0, 500.0, 500.0, 40.0, 40.0, 40.0, 40.0, 40.0, 40.0, 40.0, 40.0, 40.0, 40.0, 40.0, 40.0, 40.0, 40.0], damping=1.0
DEBUG 2026-09-06 03:17:04 /gripper.py:183 [Gripper] set_positions: normalized=[0. 1.], target_rad=[4.0236 7.515 ]
DEBUG 2026-09-06 03:17:04 _client.py:1428 Control loop (ms): 11.52
DEBUG 2026-09-06 03:17:04 by1/rby1.py:813 [ramp] elapsed=8.68s progress=1.000 min_time=0.070s
DEBUG 2026-09-06 03:17:04 by1/rby1.py:663 [impedance] stiffness=[400.0, 400.0, 400.0, 400.0, 400.0, 400.0, 150.0, 150.0, 150.0, 150.0, 150.0, 150.0, 150.0, 150.0, 150.0, 150.0, 150.0, 150.0, 150.0, 150.0], torque_limit=[500.0, 500.0, 500.0, 500.0, 500.0, 500.0, 40.0, 40.0, 40.0, 40.0, 40.0, 40.0, 40.0, 40.0, 40.0, 40.0, 40.0, 40.0, 40.0, 40.0], damping=1.0
DEBUG 2026-09-06 03:17:04 /gripper.py:183 [Gripper] set_positions: normalized=[0. 1.], target_rad=[4.0236 7.515 ]
DEBUG 2026-09-06 03:17:04 _client.py:1428 Control loop (ms): 12.82
DEBUG 2026-09-06 03:17:04 by1/rby1.py:813 [ramp] elapsed=8.75s progress=1.000 min_time=0.070s
DEBUG 2026-09-06 03:17:04 by1/rby1.py:663 [impedance] stiffness=[400.0, 400.0, 400.0, 400.0, 400.0, 400.0, 150.0, 150.0, 150.0, 150.0, 150.0, 150.0, 150.0, 150.0, 150.0, 150.0, 150.0, 150.0, 150.0, 150.0], torque_limit=[500.0, 500.0, 500.0, 500.0, 500.0, 500.0, 40.0, 40.0, 40.0, 40.0, 40.0, 40.0, 40.0, 40.0, 40.0, 40.0, 40.0, 40.0, 40.0, 40.0], damping=1.0
DEBUG 2026-09-06 03:17:04 /gripper.py:183 [Gripper] set_positions: normalized=[0. 1.], target_rad=[4.0236 7.515 ]
DEBUG 2026-09-06 03:17:04 _client.py:1428 Control loop (ms): 12.07
DEBUG 2026-09-06 03:17:04 by1/rby1.py:813 [ramp] elapsed=8.81s progress=1.000 min_time=0.070s
DEBUG 2026-09-06 03:17:04 by1/rby1.py:663 [impedance] stiffness=[400.0, 400.0, 400.0, 400.0, 400.0, 400.0, 150.0, 150.0, 150.0, 150.0, 150.0, 150.0, 150.0, 150.0, 150.0, 150.0, 150.0, 150.0, 150.0, 150.0], torque_limit=[500.0, 500.0, 500.0, 500.0, 500.0, 500.0, 40.0, 40.0, 40.0, 40.0, 40.0, 40.0, 40.0, 40.0, 40.0, 40.0, 40.0, 40.0, 40.0, 40.0], damping=1.0
DEBUG 2026-09-06 03:17:04 /gripper.py:183 [Gripper] set_positions: normalized=[0.    0.996], target_rad=[4.0236 7.4972]
DEBUG 2026-09-06 03:17:04 t_client.py:512 Image transport preprocessing: images=3 | resize=0.000ms | JPEG encode=15.690ms | total=15.867ms | original=2764800 bytes | transport=99370 bytes | compression=27.82x
DEBUG 2026-09-06 03:17:04 t_client.py:535 Observation serialization time: 0.000137s
DEBUG 2026-09-06 03:17:04 ort/utils.py:54 [CLIENT] Observation Buffer size 0.0955820083618164 MB with
DEBUG 2026-09-06 03:17:04 ort/utils.py:69 [CLIENT] Observation Sent 100225/100225 bytes with state 3
DEBUG 2026-09-06 03:17:04 ort/utils.py:71 [CLIENT] Observation Published 0.0955820083618164 MB
DEBUG 2026-09-06 03:17:04 t_client.py:546 Sent observation #144 | 
DEBUG 2026-09-06 03:17:04 _client.py:1073 QUEUE SIZE: 25 (Must go: True)
DEBUG 2026-09-06 03:17:04 _client.py:1428 Control loop (ms): 59.38
DEBUG 2026-09-06 03:17:04 by1/rby1.py:813 [ramp] elapsed=8.88s progress=1.000 min_time=0.070s
DEBUG 2026-09-06 03:17:04 by1/rby1.py:663 [impedance] stiffness=[400.0, 400.0, 400.0, 400.0, 400.0, 400.0, 150.0, 150.0, 150.0, 150.0, 150.0, 150.0, 150.0, 150.0, 150.0, 150.0, 150.0, 150.0, 150.0, 150.0], torque_limit=[500.0, 500.0, 500.0, 500.0, 500.0, 500.0, 40.0, 40.0, 40.0, 40.0, 40.0, 40.0, 40.0, 40.0, 40.0, 40.0, 40.0, 40.0, 40.0, 40.0], damping=1.0
DEBUG 2026-09-06 03:17:04 /gripper.py:183 [Gripper] set_positions: normalized=[0. 1.], target_rad=[4.0236 7.515 ]
DEBUG 2026-09-06 03:17:04 _client.py:1428 Control loop (ms): 12.67
DEBUG 2026-09-06 03:17:04 by1/rby1.py:813 [ramp] elapsed=8.95s progress=1.000 min_time=0.070s
DEBUG 2026-09-06 03:17:04 by1/rby1.py:663 [impedance] stiffness=[400.0, 400.0, 400.0, 400.0, 400.0, 400.0, 150.0, 150.0, 150.0, 150.0, 150.0, 150.0, 150.0, 150.0, 150.0, 150.0, 150.0, 150.0, 150.0, 150.0], torque_limit=[500.0, 500.0, 500.0, 500.0, 500.0, 500.0, 40.0, 40.0, 40.0, 40.0, 40.0, 40.0, 40.0, 40.0, 40.0, 40.0, 40.0, 40.0, 40.0, 40.0], damping=1.0
DEBUG 2026-09-06 03:17:04 /gripper.py:183 [Gripper] set_positions: normalized=[0.    0.983], target_rad=[4.0236 7.4389]
DEBUG 2026-09-06 03:17:04 _client.py:1428 Control loop (ms): 11.59
DEBUG 2026-09-06 03:17:04 by1/rby1.py:813 [ramp] elapsed=9.01s progress=1.000 min_time=0.070s
DEBUG 2026-09-06 03:17:04 by1/rby1.py:663 [impedance] stiffness=[400.0, 400.0, 400.0, 400.0, 400.0, 400.0, 150.0, 150.0, 150.0, 150.0, 150.0, 150.0, 150.0, 150.0, 150.0, 150.0, 150.0, 150.0, 150.0, 150.0], torque_limit=[500.0, 500.0, 500.0, 500.0, 500.0, 500.0, 40.0, 40.0, 40.0, 40.0, 40.0, 40.0, 40.0, 40.0, 40.0, 40.0, 40.0, 40.0, 40.0, 40.0], damping=1.0
DEBUG 2026-09-06 03:17:04 /gripper.py:183 [Gripper] set_positions: normalized=[0.    0.995], target_rad=[4.0236 7.4912]
DEBUG 2026-09-06 03:17:04 _client.py:1428 Control loop (ms): 12.80
DEBUG 2026-09-06 03:17:04 by1/rby1.py:813 [ramp] elapsed=9.08s progress=1.000 min_time=0.070s
DEBUG 2026-09-06 03:17:04 by1/rby1.py:663 [impedance] stiffness=[400.0, 400.0, 400.0, 400.0, 400.0, 400.0, 150.0, 150.0, 150.0, 150.0, 150.0, 150.0, 150.0, 150.0, 150.0, 150.0, 150.0, 150.0, 150.0, 150.0], torque_limit=[500.0, 500.0, 500.0, 500.0, 500.0, 500.0, 40.0, 40.0, 40.0, 40.0, 40.0, 40.0, 40.0, 40.0, 40.0, 40.0, 40.0, 40.0, 40.0, 40.0], damping=1.0
DEBUG 2026-09-06 03:17:04 /gripper.py:183 [Gripper] set_positions: normalized=[0. 1.], target_rad=[4.0236 7.515 ]
DEBUG 2026-09-06 03:17:04 _client.py:1428 Control loop (ms): 12.01
DEBUG 2026-09-06 03:17:05 by1/rby1.py:813 [ramp] elapsed=9.15s progress=1.000 min_time=0.070s
DEBUG 2026-09-06 03:17:05 by1/rby1.py:663 [impedance] stiffness=[400.0, 400.0, 400.0, 400.0, 400.0, 400.0, 150.0, 150.0, 150.0, 150.0, 150.0, 150.0, 150.0, 150.0, 150.0, 150.0, 150.0, 150.0, 150.0, 150.0], torque_limit=[500.0, 500.0, 500.0, 500.0, 500.0, 500.0, 40.0, 40.0, 40.0, 40.0, 40.0, 40.0, 40.0, 40.0, 40.0, 40.0, 40.0, 40.0, 40.0, 40.0], damping=1.0
DEBUG 2026-09-06 03:17:05 /gripper.py:183 [Gripper] set_positions: normalized=[0.    0.991], target_rad=[4.0236 7.4727]
DEBUG 2026-09-06 03:17:05 _client.py:1428 Control loop (ms): 16.95
DEBUG 2026-09-06 03:17:05 t_client.py:700 Received actions on device: cpu
DEBUG 2026-09-06 03:17:05 t_client.py:710 Actions kept on device: cpu
DEBUG 2026-09-06 03:17:05 _client.py:1428 Control loop (ms): 0.04
DEBUG 2026-09-06 03:17:05 by1/rby1.py:813 [ramp] elapsed=9.28s progress=1.000 min_time=0.070s
DEBUG 2026-09-06 03:17:05 by1/rby1.py:663 [impedance] stiffness=[400.0, 400.0, 400.0, 400.0, 400.0, 400.0, 150.0, 150.0, 150.0, 150.0, 150.0, 150.0, 150.0, 150.0, 150.0, 150.0, 150.0, 150.0, 150.0, 150.0], torque_limit=[500.0, 500.0, 500.0, 500.0, 500.0, 500.0, 40.0, 40.0, 40.0, 40.0, 40.0, 40.0, 40.0, 40.0, 40.0, 40.0, 40.0, 40.0, 40.0, 40.0], damping=1.0
DEBUG 2026-09-06 03:17:05 /gripper.py:183 [Gripper] set_positions: normalized=[0.    0.995], target_rad=[4.0236 7.4913]
DEBUG 2026-09-06 03:17:05 _client.py:1428 Control loop (ms): 11.98
DEBUG 2026-09-06 03:17:05 by1/rby1.py:813 [ramp] elapsed=9.35s progress=1.000 min_time=0.070s
DEBUG 2026-09-06 03:17:05 by1/rby1.py:663 [impedance] stiffness=[400.0, 400.0, 400.0, 400.0, 400.0, 400.0, 150.0, 150.0, 150.0, 150.0, 150.0, 150.0, 150.0, 150.0, 150.0, 150.0, 150.0, 150.0, 150.0, 150.0], torque_limit=[500.0, 500.0, 500.0, 500.0, 500.0, 500.0, 40.0, 40.0, 40.0, 40.0, 40.0, 40.0, 40.0, 40.0, 40.0, 40.0, 40.0, 40.0, 40.0, 40.0], damping=1.0
DEBUG 2026-09-06 03:17:05 /gripper.py:183 [Gripper] set_positions: normalized=[0.    0.998], target_rad=[4.0236 7.504 ]
DEBUG 2026-09-06 03:17:05 _client.py:1428 Control loop (ms): 11.18
DEBUG 2026-09-06 03:17:05 by1/rby1.py:813 [ramp] elapsed=9.41s progress=1.000 min_time=0.070s
DEBUG 2026-09-06 03:17:05 by1/rby1.py:663 [impedance] stiffness=[400.0, 400.0, 400.0, 400.0, 400.0, 400.0, 150.0, 150.0, 150.0, 150.0, 150.0, 150.0, 150.0, 150.0, 150.0, 150.0, 150.0, 150.0, 150.0, 150.0], torque_limit=[500.0, 500.0, 500.0, 500.0, 500.0, 500.0, 40.0, 40.0, 40.0, 40.0, 40.0, 40.0, 40.0, 40.0, 40.0, 40.0, 40.0, 40.0, 40.0, 40.0], damping=1.0
DEBUG 2026-09-06 03:17:05 /gripper.py:183 [Gripper] set_positions: normalized=[0.    0.993], target_rad=[4.0236 7.4828]
DEBUG 2026-09-06 03:17:05 _client.py:1428 Control loop (ms): 13.39
DEBUG 2026-09-06 03:17:05 by1/rby1.py:813 [ramp] elapsed=9.48s progress=1.000 min_time=0.070s
DEBUG 2026-09-06 03:17:05 by1/rby1.py:663 [impedance] stiffness=[400.0, 400.0, 400.0, 400.0, 400.0, 400.0, 150.0, 150.0, 150.0, 150.0, 150.0, 150.0, 150.0, 150.0, 150.0, 150.0, 150.0, 150.0, 150.0, 150.0], torque_limit=[500.0, 500.0, 500.0, 500.0, 500.0, 500.0, 40.0, 40.0, 40.0, 40.0, 40.0, 40.0, 40.0, 40.0, 40.0, 40.0, 40.0, 40.0, 40.0, 40.0], damping=1.0
DEBUG 2026-09-06 03:17:05 /gripper.py:183 [Gripper] set_positions: normalized=[0.    0.989], target_rad=[4.0236 7.4652]
DEBUG 2026-09-06 03:17:05 _client.py:1428 Control loop (ms): 11.56
DEBUG 2026-09-06 03:17:05 by1/rby1.py:813 [ramp] elapsed=9.55s progress=1.000 min_time=0.070s
DEBUG 2026-09-06 03:17:05 by1/rby1.py:663 [impedance] stiffness=[400.0, 400.0, 400.0, 400.0, 400.0, 400.0, 150.0, 150.0, 150.0, 150.0, 150.0, 150.0, 150.0, 150.0, 150.0, 150.0, 150.0, 150.0, 150.0, 150.0], torque_limit=[500.0, 500.0, 500.0, 500.0, 500.0, 500.0, 40.0, 40.0, 40.0, 40.0, 40.0, 40.0, 40.0, 40.0, 40.0, 40.0, 40.0, 40.0, 40.0, 40.0], damping=1.0
DEBUG 2026-09-06 03:17:05 /gripper.py:183 [Gripper] set_positions: normalized=[0.    0.993], target_rad=[4.0236 7.483 ]
DEBUG 2026-09-06 03:17:05 _client.py:1428 Control loop (ms): 10.89
DEBUG 2026-09-06 03:17:05 by1/rby1.py:813 [ramp] elapsed=9.61s progress=1.000 min_time=0.070s
DEBUG 2026-09-06 03:17:05 by1/rby1.py:663 [impedance] stiffness=[400.0, 400.0, 400.0, 400.0, 400.0, 400.0, 150.0, 150.0, 150.0, 150.0, 150.0, 150.0, 150.0, 150.0, 150.0, 150.0, 150.0, 150.0, 150.0, 150.0], torque_limit=[500.0, 500.0, 500.0, 500.0, 500.0, 500.0, 40.0, 40.0, 40.0, 40.0, 40.0, 40.0, 40.0, 40.0, 40.0, 40.0, 40.0, 40.0, 40.0, 40.0], damping=1.0
DEBUG 2026-09-06 03:17:05 /gripper.py:183 [Gripper] set_positions: normalized=[0.    0.985], target_rad=[4.0236 7.4487]
DEBUG 2026-09-06 03:17:05 _client.py:1428 Control loop (ms): 16.18
DEBUG 2026-09-06 03:17:05 by1/rby1.py:813 [ramp] elapsed=9.68s progress=1.000 min_time=0.070s
DEBUG 2026-09-06 03:17:05 by1/rby1.py:663 [impedance] stiffness=[400.0, 400.0, 400.0, 400.0, 400.0, 400.0, 150.0, 150.0, 150.0, 150.0, 150.0, 150.0, 150.0, 150.0, 150.0, 150.0, 150.0, 150.0, 150.0, 150.0], torque_limit=[500.0, 500.0, 500.0, 500.0, 500.0, 500.0, 40.0, 40.0, 40.0, 40.0, 40.0, 40.0, 40.0, 40.0, 40.0, 40.0, 40.0, 40.0, 40.0, 40.0], damping=1.0
DEBUG 2026-09-06 03:17:05 /gripper.py:183 [Gripper] set_positions: normalized=[0.   0.99], target_rad=[4.0236 7.469 ]
DEBUG 2026-09-06 03:17:05 _client.py:1428 Control loop (ms): 13.41
DEBUG 2026-09-06 03:17:05 by1/rby1.py:813 [ramp] elapsed=9.75s progress=1.000 min_time=0.070s
DEBUG 2026-09-06 03:17:05 by1/rby1.py:663 [impedance] stiffness=[400.0, 400.0, 400.0, 400.0, 400.0, 400.0, 150.0, 150.0, 150.0, 150.0, 150.0, 150.0, 150.0, 150.0, 150.0, 150.0, 150.0, 150.0, 150.0, 150.0], torque_limit=[500.0, 500.0, 500.0, 500.0, 500.0, 500.0, 40.0, 40.0, 40.0, 40.0, 40.0, 40.0, 40.0, 40.0, 40.0, 40.0, 40.0, 40.0, 40.0, 40.0], damping=1.0
DEBUG 2026-09-06 03:17:05 /gripper.py:183 [Gripper] set_positions: normalized=[0.    0.984], target_rad=[4.0236 7.445 ]
DEBUG 2026-09-06 03:17:05 _client.py:1428 Control loop (ms): 12.51
DEBUG 2026-09-06 03:17:05 by1/rby1.py:813 [ramp] elapsed=9.81s progress=1.000 min_time=0.070s
DEBUG 2026-09-06 03:17:05 by1/rby1.py:663 [impedance] stiffness=[400.0, 400.0, 400.0, 400.0, 400.0, 400.0, 150.0, 150.0, 150.0, 150.0, 150.0, 150.0, 150.0, 150.0, 150.0, 150.0, 150.0, 150.0, 150.0, 150.0], torque_limit=[500.0, 500.0, 500.0, 500.0, 500.0, 500.0, 40.0, 40.0, 40.0, 40.0, 40.0, 40.0, 40.0, 40.0, 40.0, 40.0, 40.0, 40.0, 40.0, 40.0], damping=1.0
DEBUG 2026-09-06 03:17:05 /gripper.py:183 [Gripper] set_positions: normalized=[0.    0.988], target_rad=[4.0236 7.4614]
DEBUG 2026-09-06 03:17:05 _client.py:1428 Control loop (ms): 15.98
DEBUG 2026-09-06 03:17:05 by1/rby1.py:813 [ramp] elapsed=9.88s progress=1.000 min_time=0.070s
DEBUG 2026-09-06 03:17:05 by1/rby1.py:663 [impedance] stiffness=[400.0, 400.0, 400.0, 400.0, 400.0, 400.0, 150.0, 150.0, 150.0, 150.0, 150.0, 150.0, 150.0, 150.0, 150.0, 150.0, 150.0, 150.0, 150.0, 150.0], torque_limit=[500.0, 500.0, 500.0, 500.0, 500.0, 500.0, 40.0, 40.0, 40.0, 40.0, 40.0, 40.0, 40.0, 40.0, 40.0, 40.0, 40.0, 40.0, 40.0, 40.0], damping=1.0
DEBUG 2026-09-06 03:17:05 /gripper.py:183 [Gripper] set_positions: normalized=[0.    0.986], target_rad=[4.0236 7.4536]
DEBUG 2026-09-06 03:17:05 _client.py:1428 Control loop (ms): 11.06
DEBUG 2026-09-06 03:17:05 by1/rby1.py:813 [ramp] elapsed=9.95s progress=1.000 min_time=0.070s
DEBUG 2026-09-06 03:17:05 by1/rby1.py:663 [impedance] stiffness=[400.0, 400.0, 400.0, 400.0, 400.0, 400.0, 150.0, 150.0, 150.0, 150.0, 150.0, 150.0, 150.0, 150.0, 150.0, 150.0, 150.0, 150.0, 150.0, 150.0], torque_limit=[500.0, 500.0, 500.0, 500.0, 500.0, 500.0, 40.0, 40.0, 40.0, 40.0, 40.0, 40.0, 40.0, 40.0, 40.0, 40.0, 40.0, 40.0, 40.0, 40.0], damping=1.0
DEBUG 2026-09-06 03:17:05 /gripper.py:183 [Gripper] set_positions: normalized=[0.    0.988], target_rad=[4.0236 7.4621]
DEBUG 2026-09-06 03:17:05 _client.py:1428 Control loop (ms): 12.27
DEBUG 2026-09-06 03:17:05 by1/rby1.py:813 [ramp] elapsed=10.01s progress=1.000 min_time=0.070s
DEBUG 2026-09-06 03:17:05 by1/rby1.py:663 [impedance] stiffness=[400.0, 400.0, 400.0, 400.0, 400.0, 400.0, 150.0, 150.0, 150.0, 150.0, 150.0, 150.0, 150.0, 150.0, 150.0, 150.0, 150.0, 150.0, 150.0, 150.0], torque_limit=[500.0, 500.0, 500.0, 500.0, 500.0, 500.0, 40.0, 40.0, 40.0, 40.0, 40.0, 40.0, 40.0, 40.0, 40.0, 40.0, 40.0, 40.0, 40.0, 40.0], damping=1.0
DEBUG 2026-09-06 03:17:05 /gripper.py:183 [Gripper] set_positions: normalized=[0.    0.989], target_rad=[4.0236 7.4644]
DEBUG 2026-09-06 03:17:05 _client.py:1428 Control loop (ms): 13.58
DEBUG 2026-09-06 03:17:05 by1/rby1.py:813 [ramp] elapsed=10.08s progress=1.000 min_time=0.070s
DEBUG 2026-09-06 03:17:05 by1/rby1.py:663 [impedance] stiffness=[400.0, 400.0, 400.0, 400.0, 400.0, 400.0, 150.0, 150.0, 150.0, 150.0, 150.0, 150.0, 150.0, 150.0, 150.0, 150.0, 150.0, 150.0, 150.0, 150.0], torque_limit=[500.0, 500.0, 500.0, 500.0, 500.0, 500.0, 40.0, 40.0, 40.0, 40.0, 40.0, 40.0, 40.0, 40.0, 40.0, 40.0, 40.0, 40.0, 40.0, 40.0], damping=1.0
DEBUG 2026-09-06 03:17:05 /gripper.py:183 [Gripper] set_positions: normalized=[0.002 0.985], target_rad=[4.0348 7.4478]
DEBUG 2026-09-06 03:17:05 _client.py:1428 Control loop (ms): 12.53
DEBUG 2026-09-06 03:17:06 by1/rby1.py:813 [ramp] elapsed=10.15s progress=1.000 min_time=0.070s
DEBUG 2026-09-06 03:17:06 by1/rby1.py:663 [impedance] stiffness=[400.0, 400.0, 400.0, 400.0, 400.0, 400.0, 150.0, 150.0, 150.0, 150.0, 150.0, 150.0, 150.0, 150.0, 150.0, 150.0, 150.0, 150.0, 150.0, 150.0], torque_limit=[500.0, 500.0, 500.0, 500.0, 500.0, 500.0, 40.0, 40.0, 40.0, 40.0, 40.0, 40.0, 40.0, 40.0, 40.0, 40.0, 40.0, 40.0, 40.0, 40.0], damping=1.0
DEBUG 2026-09-06 03:17:06 /gripper.py:183 [Gripper] set_positions: normalized=[0.    0.991], target_rad=[4.0236 7.4763]
DEBUG 2026-09-06 03:17:06 _client.py:1428 Control loop (ms): 11.69
DEBUG 2026-09-06 03:17:06 by1/rby1.py:813 [ramp] elapsed=10.22s progress=1.000 min_time=0.070s
DEBUG 2026-09-06 03:17:06 by1/rby1.py:663 [impedance] stiffness=[400.0, 400.0, 400.0, 400.0, 400.0, 400.0, 150.0, 150.0, 150.0, 150.0, 150.0, 150.0, 150.0, 150.0, 150.0, 150.0, 150.0, 150.0, 150.0, 150.0], torque_limit=[500.0, 500.0, 500.0, 500.0, 500.0, 500.0, 40.0, 40.0, 40.0, 40.0, 40.0, 40.0, 40.0, 40.0, 40.0, 40.0, 40.0, 40.0, 40.0, 40.0], damping=1.0
DEBUG 2026-09-06 03:17:06 /gripper.py:183 [Gripper] set_positions: normalized=[0.004 0.984], target_rad=[4.0396 7.4415]
DEBUG 2026-09-06 03:17:06 _client.py:1428 Control loop (ms): 11.01
DEBUG 2026-09-06 03:17:06 by1/rby1.py:813 [ramp] elapsed=10.28s progress=1.000 min_time=0.070s
DEBUG 2026-09-06 03:17:06 by1/rby1.py:663 [impedance] stiffness=[400.0, 400.0, 400.0, 400.0, 400.0, 400.0, 150.0, 150.0, 150.0, 150.0, 150.0, 150.0, 150.0, 150.0, 150.0, 150.0, 150.0, 150.0, 150.0, 150.0], torque_limit=[500.0, 500.0, 500.0, 500.0, 500.0, 500.0, 40.0, 40.0, 40.0, 40.0, 40.0, 40.0, 40.0, 40.0, 40.0, 40.0, 40.0, 40.0, 40.0, 40.0], damping=1.0
DEBUG 2026-09-06 03:17:06 /gripper.py:183 [Gripper] set_positions: normalized=[0.005 0.993], target_rad=[4.0448 7.4855]
DEBUG 2026-09-06 03:17:06 _client.py:1428 Control loop (ms): 12.32
DEBUG 2026-09-06 03:17:06 by1/rby1.py:813 [ramp] elapsed=10.35s progress=1.000 min_time=0.070s
DEBUG 2026-09-06 03:17:06 by1/rby1.py:663 [impedance] stiffness=[400.0, 400.0, 400.0, 400.0, 400.0, 400.0, 150.0, 150.0, 150.0, 150.0, 150.0, 150.0, 150.0, 150.0, 150.0, 150.0, 150.0, 150.0, 150.0, 150.0], torque_limit=[500.0, 500.0, 500.0, 500.0, 500.0, 500.0, 40.0, 40.0, 40.0, 40.0, 40.0, 40.0, 40.0, 40.0, 40.0, 40.0, 40.0, 40.0, 40.0, 40.0], damping=1.0
DEBUG 2026-09-06 03:17:06 /gripper.py:183 [Gripper] set_positions: normalized=[0.004 0.991], target_rad=[4.0399 7.4729]
DEBUG 2026-09-06 03:17:06 _client.py:1428 Control loop (ms): 11.44
DEBUG 2026-09-06 03:17:06 by1/rby1.py:813 [ramp] elapsed=10.42s progress=1.000 min_time=0.070s
DEBUG 2026-09-06 03:17:06 by1/rby1.py:663 [impedance] stiffness=[400.0, 400.0, 400.0, 400.0, 400.0, 400.0, 150.0, 150.0, 150.0, 150.0, 150.0, 150.0, 150.0, 150.0, 150.0, 150.0, 150.0, 150.0, 150.0, 150.0], torque_limit=[500.0, 500.0, 500.0, 500.0, 500.0, 500.0, 40.0, 40.0, 40.0, 40.0, 40.0, 40.0, 40.0, 40.0, 40.0, 40.0, 40.0, 40.0, 40.0, 40.0], damping=1.0
DEBUG 2026-09-06 03:17:06 /gripper.py:183 [Gripper] set_positions: normalized=[0.005 0.987], target_rad=[4.0447 7.4575]
DEBUG 2026-09-06 03:17:06 _client.py:1428 Control loop (ms): 10.95
DEBUG 2026-09-06 03:17:06 by1/rby1.py:813 [ramp] elapsed=10.48s progress=1.000 min_time=0.070s
DEBUG 2026-09-06 03:17:06 by1/rby1.py:663 [impedance] stiffness=[400.0, 400.0, 400.0, 400.0, 400.0, 400.0, 150.0, 150.0, 150.0, 150.0, 150.0, 150.0, 150.0, 150.0, 150.0, 150.0, 150.0, 150.0, 150.0, 150.0], torque_limit=[500.0, 500.0, 500.0, 500.0, 500.0, 500.0, 40.0, 40.0, 40.0, 40.0, 40.0, 40.0, 40.0, 40.0, 40.0, 40.0, 40.0, 40.0, 40.0, 40.0], damping=1.0
DEBUG 2026-09-06 03:17:06 /gripper.py:183 [Gripper] set_positions: normalized=[0.    0.988], target_rad=[4.0236 7.4627]
DEBUG 2026-09-06 03:17:06 t_client.py:512 Image transport preprocessing: images=3 | resize=0.000ms | JPEG encode=15.397ms | total=15.577ms | original=2764800 bytes | transport=87046 bytes | compression=31.76x
DEBUG 2026-09-06 03:17:06 t_client.py:535 Observation serialization time: 0.000126s
DEBUG 2026-09-06 03:17:06 ort/utils.py:54 [CLIENT] Observation Buffer size 0.08382892608642578 MB with
DEBUG 2026-09-06 03:17:06 ort/utils.py:69 [CLIENT] Observation Sent 87901/87901 bytes with state 3
DEBUG 2026-09-06 03:17:06 ort/utils.py:71 [CLIENT] Observation Published 0.08382892608642578 MB
DEBUG 2026-09-06 03:17:06 t_client.py:546 Sent observation #168 | 
DEBUG 2026-09-06 03:17:06 _client.py:1073 QUEUE SIZE: 25 (Must go: True)
DEBUG 2026-09-06 03:17:06 _client.py:1428 Control loop (ms): 57.69
DEBUG 2026-09-06 03:17:06 by1/rby1.py:813 [ramp] elapsed=10.55s progress=1.000 min_time=0.070s
DEBUG 2026-09-06 03:17:06 by1/rby1.py:663 [impedance] stiffness=[400.0, 400.0, 400.0, 400.0, 400.0, 400.0, 150.0, 150.0, 150.0, 150.0, 150.0, 150.0, 150.0, 150.0, 150.0, 150.0, 150.0, 150.0, 150.0, 150.0], torque_limit=[500.0, 500.0, 500.0, 500.0, 500.0, 500.0, 40.0, 40.0, 40.0, 40.0, 40.0, 40.0, 40.0, 40.0, 40.0, 40.0, 40.0, 40.0, 40.0, 40.0], damping=1.0
DEBUG 2026-09-06 03:17:06 /gripper.py:183 [Gripper] set_positions: normalized=[0.005 0.99 ], target_rad=[4.0468 7.4705]
DEBUG 2026-09-06 03:17:06 _client.py:1428 Control loop (ms): 11.42
DEBUG 2026-09-06 03:17:06 by1/rby1.py:813 [ramp] elapsed=10.62s progress=1.000 min_time=0.070s
DEBUG 2026-09-06 03:17:06 by1/rby1.py:663 [impedance] stiffness=[400.0, 400.0, 400.0, 400.0, 400.0, 400.0, 150.0, 150.0, 150.0, 150.0, 150.0, 150.0, 150.0, 150.0, 150.0, 150.0, 150.0, 150.0, 150.0, 150.0], torque_limit=[500.0, 500.0, 500.0, 500.0, 500.0, 500.0, 40.0, 40.0, 40.0, 40.0, 40.0, 40.0, 40.0, 40.0, 40.0, 40.0, 40.0, 40.0, 40.0, 40.0], damping=1.0
DEBUG 2026-09-06 03:17:06 /gripper.py:183 [Gripper] set_positions: normalized=[0.   0.99], target_rad=[4.0246 7.4684]
DEBUG 2026-09-06 03:17:06 _client.py:1428 Control loop (ms): 12.61
DEBUG 2026-09-06 03:17:06 by1/rby1.py:813 [ramp] elapsed=10.68s progress=1.000 min_time=0.070s
DEBUG 2026-09-06 03:17:06 by1/rby1.py:663 [impedance] stiffness=[400.0, 400.0, 400.0, 400.0, 400.0, 400.0, 150.0, 150.0, 150.0, 150.0, 150.0, 150.0, 150.0, 150.0, 150.0, 150.0, 150.0, 150.0, 150.0, 150.0], torque_limit=[500.0, 500.0, 500.0, 500.0, 500.0, 500.0, 40.0, 40.0, 40.0, 40.0, 40.0, 40.0, 40.0, 40.0, 40.0, 40.0, 40.0, 40.0, 40.0, 40.0], damping=1.0
DEBUG 2026-09-06 03:17:06 /gripper.py:183 [Gripper] set_positions: normalized=[0.006 0.991], target_rad=[4.0503 7.4742]
DEBUG 2026-09-06 03:17:06 _client.py:1428 Control loop (ms): 12.62
DEBUG 2026-09-06 03:17:06 by1/rby1.py:813 [ramp] elapsed=10.75s progress=1.000 min_time=0.070s
DEBUG 2026-09-06 03:17:06 by1/rby1.py:663 [impedance] stiffness=[400.0, 400.0, 400.0, 400.0, 400.0, 400.0, 150.0, 150.0, 150.0, 150.0, 150.0, 150.0, 150.0, 150.0, 150.0, 150.0, 150.0, 150.0, 150.0, 150.0], torque_limit=[500.0, 500.0, 500.0, 500.0, 500.0, 500.0, 40.0, 40.0, 40.0, 40.0, 40.0, 40.0, 40.0, 40.0, 40.0, 40.0, 40.0, 40.0, 40.0, 40.0], damping=1.0
DEBUG 2026-09-06 03:17:06 /gripper.py:183 [Gripper] set_positions: normalized=[0.    0.983], target_rad=[4.0236 7.4394]
DEBUG 2026-09-06 03:17:06 _client.py:1428 Control loop (ms): 10.80
DEBUG 2026-09-06 03:17:06 by1/rby1.py:813 [ramp] elapsed=10.82s progress=1.000 min_time=0.070s
DEBUG 2026-09-06 03:17:06 by1/rby1.py:663 [impedance] stiffness=[400.0, 400.0, 400.0, 400.0, 400.0, 400.0, 150.0, 150.0, 150.0, 150.0, 150.0, 150.0, 150.0, 150.0, 150.0, 150.0, 150.0, 150.0, 150.0, 150.0], torque_limit=[500.0, 500.0, 500.0, 500.0, 500.0, 500.0, 40.0, 40.0, 40.0, 40.0, 40.0, 40.0, 40.0, 40.0, 40.0, 40.0, 40.0, 40.0, 40.0, 40.0], damping=1.0
DEBUG 2026-09-06 03:17:06 /gripper.py:183 [Gripper] set_positions: normalized=[0.001 0.987], target_rad=[4.0271 7.4576]
DEBUG 2026-09-06 03:17:06 _client.py:1428 Control loop (ms): 17.64
DEBUG 2026-09-06 03:17:06 t_client.py:700 Received actions on device: cpu
DEBUG 2026-09-06 03:17:06 t_client.py:710 Actions kept on device: cpu
DEBUG 2026-09-06 03:17:06 _client.py:1428 Control loop (ms): 0.05
DEBUG 2026-09-06 03:17:06 by1/rby1.py:813 [ramp] elapsed=10.95s progress=1.000 min_time=0.070s
DEBUG 2026-09-06 03:17:06 by1/rby1.py:663 [impedance] stiffness=[400.0, 400.0, 400.0, 400.0, 400.0, 400.0, 150.0, 150.0, 150.0, 150.0, 150.0, 150.0, 150.0, 150.0, 150.0, 150.0, 150.0, 150.0, 150.0, 150.0], torque_limit=[500.0, 500.0, 500.0, 500.0, 500.0, 500.0, 40.0, 40.0, 40.0, 40.0, 40.0, 40.0, 40.0, 40.0, 40.0, 40.0, 40.0, 40.0, 40.0, 40.0], damping=1.0
DEBUG 2026-09-06 03:17:06 /gripper.py:183 [Gripper] set_positions: normalized=[0.006 0.991], target_rad=[4.0494 7.4755]
DEBUG 2026-09-06 03:17:06 _client.py:1428 Control loop (ms): 12.94
DEBUG 2026-09-06 03:17:06 by1/rby1.py:813 [ramp] elapsed=11.02s progress=1.000 min_time=0.070s
DEBUG 2026-09-06 03:17:06 by1/rby1.py:663 [impedance] stiffness=[400.0, 400.0, 400.0, 400.0, 400.0, 400.0, 150.0, 150.0, 150.0, 150.0, 150.0, 150.0, 150.0, 150.0, 150.0, 150.0, 150.0, 150.0, 150.0, 150.0], torque_limit=[500.0, 500.0, 500.0, 500.0, 500.0, 500.0, 40.0, 40.0, 40.0, 40.0, 40.0, 40.0, 40.0, 40.0, 40.0, 40.0, 40.0, 40.0, 40.0, 40.0], damping=1.0
DEBUG 2026-09-06 03:17:06 /gripper.py:183 [Gripper] set_positions: normalized=[0.    0.994], target_rad=[4.0236 7.4857]
DEBUG 2026-09-06 03:17:06 _client.py:1428 Control loop (ms): 12.02
DEBUG 2026-09-06 03:17:06 by1/rby1.py:813 [ramp] elapsed=11.08s progress=1.000 min_time=0.070s
DEBUG 2026-09-06 03:17:06 by1/rby1.py:663 [impedance] stiffness=[400.0, 400.0, 400.0, 400.0, 400.0, 400.0, 150.0, 150.0, 150.0, 150.0, 150.0, 150.0, 150.0, 150.0, 150.0, 150.0, 150.0, 150.0, 150.0, 150.0], torque_limit=[500.0, 500.0, 500.0, 500.0, 500.0, 500.0, 40.0, 40.0, 40.0, 40.0, 40.0, 40.0, 40.0, 40.0, 40.0, 40.0, 40.0, 40.0, 40.0, 40.0], damping=1.0
DEBUG 2026-09-06 03:17:06 /gripper.py:183 [Gripper] set_positions: normalized=[0.001 0.986], target_rad=[4.0284 7.4522]
DEBUG 2026-09-06 03:17:06 _client.py:1428 Control loop (ms): 11.42
DEBUG 2026-09-06 03:17:07 by1/rby1.py:813 [ramp] elapsed=11.15s progress=1.000 min_time=0.070s
DEBUG 2026-09-06 03:17:07 by1/rby1.py:663 [impedance] stiffness=[400.0, 400.0, 400.0, 400.0, 400.0, 400.0, 150.0, 150.0, 150.0, 150.0, 150.0, 150.0, 150.0, 150.0, 150.0, 150.0, 150.0, 150.0, 150.0, 150.0], torque_limit=[500.0, 500.0, 500.0, 500.0, 500.0, 500.0, 40.0, 40.0, 40.0, 40.0, 40.0, 40.0, 40.0, 40.0, 40.0, 40.0, 40.0, 40.0, 40.0, 40.0], damping=1.0
DEBUG 2026-09-06 03:17:07 /gripper.py:183 [Gripper] set_positions: normalized=[0.    0.984], target_rad=[4.0236 7.4428]
DEBUG 2026-09-06 03:17:07 _client.py:1428 Control loop (ms): 14.37
DEBUG 2026-09-06 03:17:07 by1/rby1.py:813 [ramp] elapsed=11.22s progress=1.000 min_time=0.070s
DEBUG 2026-09-06 03:17:07 by1/rby1.py:663 [impedance] stiffness=[400.0, 400.0, 400.0, 400.0, 400.0, 400.0, 150.0, 150.0, 150.0, 150.0, 150.0, 150.0, 150.0, 150.0, 150.0, 150.0, 150.0, 150.0, 150.0, 150.0], torque_limit=[500.0, 500.0, 500.0, 500.0, 500.0, 500.0, 40.0, 40.0, 40.0, 40.0, 40.0, 40.0, 40.0, 40.0, 40.0, 40.0, 40.0, 40.0, 40.0, 40.0], damping=1.0
DEBUG 2026-09-06 03:17:07 /gripper.py:183 [Gripper] set_positions: normalized=[0.    0.986], target_rad=[4.0236 7.4506]
DEBUG 2026-09-06 03:17:07 _client.py:1428 Control loop (ms): 11.62
DEBUG 2026-09-06 03:17:07 by1/rby1.py:813 [ramp] elapsed=11.28s progress=1.000 min_time=0.070s
DEBUG 2026-09-06 03:17:07 by1/rby1.py:663 [impedance] stiffness=[400.0, 400.0, 400.0, 400.0, 400.0, 400.0, 150.0, 150.0, 150.0, 150.0, 150.0, 150.0, 150.0, 150.0, 150.0, 150.0, 150.0, 150.0, 150.0, 150.0], torque_limit=[500.0, 500.0, 500.0, 500.0, 500.0, 500.0, 40.0, 40.0, 40.0, 40.0, 40.0, 40.0, 40.0, 40.0, 40.0, 40.0, 40.0, 40.0, 40.0, 40.0], damping=1.0
DEBUG 2026-09-06 03:17:07 /gripper.py:183 [Gripper] set_positions: normalized=[0.001 0.982], target_rad=[4.0282 7.4349]
DEBUG 2026-09-06 03:17:07 _client.py:1428 Control loop (ms): 12.77
DEBUG 2026-09-06 03:17:07 by1/rby1.py:813 [ramp] elapsed=11.35s progress=1.000 min_time=0.070s
DEBUG 2026-09-06 03:17:07 by1/rby1.py:663 [impedance] stiffness=[400.0, 400.0, 400.0, 400.0, 400.0, 400.0, 150.0, 150.0, 150.0, 150.0, 150.0, 150.0, 150.0, 150.0, 150.0, 150.0, 150.0, 150.0, 150.0, 150.0], torque_limit=[500.0, 500.0, 500.0, 500.0, 500.0, 500.0, 40.0, 40.0, 40.0, 40.0, 40.0, 40.0, 40.0, 40.0, 40.0, 40.0, 40.0, 40.0, 40.0, 40.0], damping=1.0
DEBUG 2026-09-06 03:17:07 /gripper.py:183 [Gripper] set_positions: normalized=[0.    0.984], target_rad=[4.0236 7.4415]
DEBUG 2026-09-06 03:17:07 _client.py:1428 Control loop (ms): 15.71
DEBUG 2026-09-06 03:17:07 by1/rby1.py:813 [ramp] elapsed=11.42s progress=1.000 min_time=0.070s
DEBUG 2026-09-06 03:17:07 by1/rby1.py:663 [impedance] stiffness=[400.0, 400.0, 400.0, 400.0, 400.0, 400.0, 150.0, 150.0, 150.0, 150.0, 150.0, 150.0, 150.0, 150.0, 150.0, 150.0, 150.0, 150.0, 150.0, 150.0], torque_limit=[500.0, 500.0, 500.0, 500.0, 500.0, 500.0, 40.0, 40.0, 40.0, 40.0, 40.0, 40.0, 40.0, 40.0, 40.0, 40.0, 40.0, 40.0, 40.0, 40.0], damping=1.0
DEBUG 2026-09-06 03:17:07 /gripper.py:183 [Gripper] set_positions: normalized=[0.    0.985], target_rad=[4.0236 7.449 ]
DEBUG 2026-09-06 03:17:07 _client.py:1428 Control loop (ms): 14.84
DEBUG 2026-09-06 03:17:07 by1/rby1.py:813 [ramp] elapsed=11.48s progress=1.000 min_time=0.070s
DEBUG 2026-09-06 03:17:07 by1/rby1.py:663 [impedance] stiffness=[400.0, 400.0, 400.0, 400.0, 400.0, 400.0, 150.0, 150.0, 150.0, 150.0, 150.0, 150.0, 150.0, 150.0, 150.0, 150.0, 150.0, 150.0, 150.0, 150.0], torque_limit=[500.0, 500.0, 500.0, 500.0, 500.0, 500.0, 40.0, 40.0, 40.0, 40.0, 40.0, 40.0, 40.0, 40.0, 40.0, 40.0, 40.0, 40.0, 40.0, 40.0], damping=1.0
DEBUG 2026-09-06 03:17:07 /gripper.py:183 [Gripper] set_positions: normalized=[0.    0.987], target_rad=[4.0236 7.4543]
DEBUG 2026-09-06 03:17:07 _client.py:1428 Control loop (ms): 14.11
DEBUG 2026-09-06 03:17:07 by1/rby1.py:813 [ramp] elapsed=11.55s progress=1.000 min_time=0.070s
DEBUG 2026-09-06 03:17:07 by1/rby1.py:663 [impedance] stiffness=[400.0, 400.0, 400.0, 400.0, 400.0, 400.0, 150.0, 150.0, 150.0, 150.0, 150.0, 150.0, 150.0, 150.0, 150.0, 150.0, 150.0, 150.0, 150.0, 150.0], torque_limit=[500.0, 500.0, 500.0, 500.0, 500.0, 500.0, 40.0, 40.0, 40.0, 40.0, 40.0, 40.0, 40.0, 40.0, 40.0, 40.0, 40.0, 40.0, 40.0, 40.0], damping=1.0
DEBUG 2026-09-06 03:17:07 /gripper.py:183 [Gripper] set_positions: normalized=[0.    0.985], target_rad=[4.0236 7.4471]
DEBUG 2026-09-06 03:17:07 _client.py:1428 Control loop (ms): 13.31
DEBUG 2026-09-06 03:17:07 by1/rby1.py:813 [ramp] elapsed=11.62s progress=1.000 min_time=0.070s
DEBUG 2026-09-06 03:17:07 by1/rby1.py:663 [impedance] stiffness=[400.0, 400.0, 400.0, 400.0, 400.0, 400.0, 150.0, 150.0, 150.0, 150.0, 150.0, 150.0, 150.0, 150.0, 150.0, 150.0, 150.0, 150.0, 150.0, 150.0], torque_limit=[500.0, 500.0, 500.0, 500.0, 500.0, 500.0, 40.0, 40.0, 40.0, 40.0, 40.0, 40.0, 40.0, 40.0, 40.0, 40.0, 40.0, 40.0, 40.0, 40.0], damping=1.0
DEBUG 2026-09-06 03:17:07 /gripper.py:183 [Gripper] set_positions: normalized=[0.    0.984], target_rad=[4.0236 7.4415]
DEBUG 2026-09-06 03:17:07 _client.py:1428 Control loop (ms): 12.41
DEBUG 2026-09-06 03:17:07 by1/rby1.py:813 [ramp] elapsed=11.68s progress=1.000 min_time=0.070s
DEBUG 2026-09-06 03:17:07 by1/rby1.py:663 [impedance] stiffness=[400.0, 400.0, 400.0, 400.0, 400.0, 400.0, 150.0, 150.0, 150.0, 150.0, 150.0, 150.0, 150.0, 150.0, 150.0, 150.0, 150.0, 150.0, 150.0, 150.0], torque_limit=[500.0, 500.0, 500.0, 500.0, 500.0, 500.0, 40.0, 40.0, 40.0, 40.0, 40.0, 40.0, 40.0, 40.0, 40.0, 40.0, 40.0, 40.0, 40.0, 40.0], damping=1.0
DEBUG 2026-09-06 03:17:07 /gripper.py:183 [Gripper] set_positions: normalized=[0.    0.978], target_rad=[4.0236 7.4174]
DEBUG 2026-09-06 03:17:07 _client.py:1428 Control loop (ms): 11.54
DEBUG 2026-09-06 03:17:07 by1/rby1.py:813 [ramp] elapsed=11.75s progress=1.000 min_time=0.070s
DEBUG 2026-09-06 03:17:07 by1/rby1.py:663 [impedance] stiffness=[400.0, 400.0, 400.0, 400.0, 400.0, 400.0, 150.0, 150.0, 150.0, 150.0, 150.0, 150.0, 150.0, 150.0, 150.0, 150.0, 150.0, 150.0, 150.0, 150.0], torque_limit=[500.0, 500.0, 500.0, 500.0, 500.0, 500.0, 40.0, 40.0, 40.0, 40.0, 40.0, 40.0, 40.0, 40.0, 40.0, 40.0, 40.0, 40.0, 40.0, 40.0], damping=1.0
DEBUG 2026-09-06 03:17:07 /gripper.py:183 [Gripper] set_positions: normalized=[0.    0.986], target_rad=[4.0236 7.4522]
DEBUG 2026-09-06 03:17:07 _client.py:1428 Control loop (ms): 11.13
DEBUG 2026-09-06 03:17:07 by1/rby1.py:813 [ramp] elapsed=11.82s progress=1.000 min_time=0.070s
DEBUG 2026-09-06 03:17:07 by1/rby1.py:663 [impedance] stiffness=[400.0, 400.0, 400.0, 400.0, 400.0, 400.0, 150.0, 150.0, 150.0, 150.0, 150.0, 150.0, 150.0, 150.0, 150.0, 150.0, 150.0, 150.0, 150.0, 150.0], torque_limit=[500.0, 500.0, 500.0, 500.0, 500.0, 500.0, 40.0, 40.0, 40.0, 40.0, 40.0, 40.0, 40.0, 40.0, 40.0, 40.0, 40.0, 40.0, 40.0, 40.0], damping=1.0
DEBUG 2026-09-06 03:17:07 /gripper.py:183 [Gripper] set_positions: normalized=[0.    0.974], target_rad=[4.0236 7.3996]
DEBUG 2026-09-06 03:17:07 _client.py:1428 Control loop (ms): 12.32
DEBUG 2026-09-06 03:17:07 by1/rby1.py:813 [ramp] elapsed=11.88s progress=1.000 min_time=0.070s
DEBUG 2026-09-06 03:17:07 by1/rby1.py:663 [impedance] stiffness=[400.0, 400.0, 400.0, 400.0, 400.0, 400.0, 150.0, 150.0, 150.0, 150.0, 150.0, 150.0, 150.0, 150.0, 150.0, 150.0, 150.0, 150.0, 150.0, 150.0], torque_limit=[500.0, 500.0, 500.0, 500.0, 500.0, 500.0, 40.0, 40.0, 40.0, 40.0, 40.0, 40.0, 40.0, 40.0, 40.0, 40.0, 40.0, 40.0, 40.0, 40.0], damping=1.0
DEBUG 2026-09-06 03:17:07 /gripper.py:183 [Gripper] set_positions: normalized=[0.    0.985], target_rad=[4.0236 7.4493]
DEBUG 2026-09-06 03:17:07 _client.py:1428 Control loop (ms): 11.65
DEBUG 2026-09-06 03:17:07 by1/rby1.py:813 [ramp] elapsed=11.95s progress=1.000 min_time=0.070s
DEBUG 2026-09-06 03:17:07 by1/rby1.py:663 [impedance] stiffness=[400.0, 400.0, 400.0, 400.0, 400.0, 400.0, 150.0, 150.0, 150.0, 150.0, 150.0, 150.0, 150.0, 150.0, 150.0, 150.0, 150.0, 150.0, 150.0, 150.0], torque_limit=[500.0, 500.0, 500.0, 500.0, 500.0, 500.0, 40.0, 40.0, 40.0, 40.0, 40.0, 40.0, 40.0, 40.0, 40.0, 40.0, 40.0, 40.0, 40.0, 40.0], damping=1.0
DEBUG 2026-09-06 03:17:07 /gripper.py:183 [Gripper] set_positions: normalized=[0.001 0.989], target_rad=[4.0277 7.4634]
DEBUG 2026-09-06 03:17:07 _client.py:1428 Control loop (ms): 10.54
DEBUG 2026-09-06 03:17:07 by1/rby1.py:813 [ramp] elapsed=12.02s progress=1.000 min_time=0.070s
DEBUG 2026-09-06 03:17:07 by1/rby1.py:663 [impedance] stiffness=[400.0, 400.0, 400.0, 400.0, 400.0, 400.0, 150.0, 150.0, 150.0, 150.0, 150.0, 150.0, 150.0, 150.0, 150.0, 150.0, 150.0, 150.0, 150.0, 150.0], torque_limit=[500.0, 500.0, 500.0, 500.0, 500.0, 500.0, 40.0, 40.0, 40.0, 40.0, 40.0, 40.0, 40.0, 40.0, 40.0, 40.0, 40.0, 40.0, 40.0, 40.0], damping=1.0
DEBUG 2026-09-06 03:17:07 /gripper.py:183 [Gripper] set_positions: normalized=[0.    0.987], target_rad=[4.025 7.458]
DEBUG 2026-09-06 03:17:07 _client.py:1428 Control loop (ms): 12.10
DEBUG 2026-09-06 03:17:07 by1/rby1.py:813 [ramp] elapsed=12.09s progress=1.000 min_time=0.070s
DEBUG 2026-09-06 03:17:07 by1/rby1.py:663 [impedance] stiffness=[400.0, 400.0, 400.0, 400.0, 400.0, 400.0, 150.0, 150.0, 150.0, 150.0, 150.0, 150.0, 150.0, 150.0, 150.0, 150.0, 150.0, 150.0, 150.0, 150.0], torque_limit=[500.0, 500.0, 500.0, 500.0, 500.0, 500.0, 40.0, 40.0, 40.0, 40.0, 40.0, 40.0, 40.0, 40.0, 40.0, 40.0, 40.0, 40.0, 40.0, 40.0], damping=1.0
DEBUG 2026-09-06 03:17:07 /gripper.py:183 [Gripper] set_positions: normalized=[0.    0.997], target_rad=[4.0236 7.5025]
DEBUG 2026-09-06 03:17:07 _client.py:1428 Control loop (ms): 11.06
DEBUG 2026-09-06 03:17:08 by1/rby1.py:813 [ramp] elapsed=12.15s progress=1.000 min_time=0.070s
DEBUG 2026-09-06 03:17:08 by1/rby1.py:663 [impedance] stiffness=[400.0, 400.0, 400.0, 400.0, 400.0, 400.0, 150.0, 150.0, 150.0, 150.0, 150.0, 150.0, 150.0, 150.0, 150.0, 150.0, 150.0, 150.0, 150.0, 150.0], torque_limit=[500.0, 500.0, 500.0, 500.0, 500.0, 500.0, 40.0, 40.0, 40.0, 40.0, 40.0, 40.0, 40.0, 40.0, 40.0, 40.0, 40.0, 40.0, 40.0, 40.0], damping=1.0
DEBUG 2026-09-06 03:17:08 /gripper.py:183 [Gripper] set_positions: normalized=[0.005 0.991], target_rad=[4.0475 7.4765]
DEBUG 2026-09-06 03:17:08 t_client.py:512 Image transport preprocessing: images=3 | resize=0.000ms | JPEG encode=15.553ms | total=15.740ms | original=2764800 bytes | transport=97116 bytes | compression=28.47x
DEBUG 2026-09-06 03:17:08 t_client.py:535 Observation serialization time: 0.000129s
DEBUG 2026-09-06 03:17:08 ort/utils.py:54 [CLIENT] Observation Buffer size 0.09343242645263672 MB with
DEBUG 2026-09-06 03:17:08 ort/utils.py:69 [CLIENT] Observation Sent 97971/97971 bytes with state 3
DEBUG 2026-09-06 03:17:08 ort/utils.py:71 [CLIENT] Observation Published 0.09343242645263672 MB
DEBUG 2026-09-06 03:17:08 t_client.py:546 Sent observation #192 | 
DEBUG 2026-09-06 03:17:08 _client.py:1073 QUEUE SIZE: 25 (Must go: True)
DEBUG 2026-09-06 03:17:08 _client.py:1428 Control loop (ms): 61.60
DEBUG 2026-09-06 03:17:08 by1/rby1.py:813 [ramp] elapsed=12.22s progress=1.000 min_time=0.070s
DEBUG 2026-09-06 03:17:08 by1/rby1.py:663 [impedance] stiffness=[400.0, 400.0, 400.0, 400.0, 400.0, 400.0, 150.0, 150.0, 150.0, 150.0, 150.0, 150.0, 150.0, 150.0, 150.0, 150.0, 150.0, 150.0, 150.0, 150.0], torque_limit=[500.0, 500.0, 500.0, 500.0, 500.0, 500.0, 40.0, 40.0, 40.0, 40.0, 40.0, 40.0, 40.0, 40.0, 40.0, 40.0, 40.0, 40.0, 40.0, 40.0], damping=1.0
DEBUG 2026-09-06 03:17:08 /gripper.py:183 [Gripper] set_positions: normalized=[0.006 0.996], target_rad=[4.0524 7.496 ]
DEBUG 2026-09-06 03:17:08 _client.py:1428 Control loop (ms): 11.48
DEBUG 2026-09-06 03:17:08 by1/rby1.py:813 [ramp] elapsed=12.29s progress=1.000 min_time=0.070s
DEBUG 2026-09-06 03:17:08 by1/rby1.py:663 [impedance] stiffness=[400.0, 400.0, 400.0, 400.0, 400.0, 400.0, 150.0, 150.0, 150.0, 150.0, 150.0, 150.0, 150.0, 150.0, 150.0, 150.0, 150.0, 150.0, 150.0, 150.0], torque_limit=[500.0, 500.0, 500.0, 500.0, 500.0, 500.0, 40.0, 40.0, 40.0, 40.0, 40.0, 40.0, 40.0, 40.0, 40.0, 40.0, 40.0, 40.0, 40.0, 40.0], damping=1.0
DEBUG 2026-09-06 03:17:08 /gripper.py:183 [Gripper] set_positions: normalized=[0.006 0.995], target_rad=[4.0499 7.4911]
DEBUG 2026-09-06 03:17:08 _client.py:1428 Control loop (ms): 12.47
DEBUG 2026-09-06 03:17:08 by1/rby1.py:813 [ramp] elapsed=12.35s progress=1.000 min_time=0.070s
DEBUG 2026-09-06 03:17:08 by1/rby1.py:663 [impedance] stiffness=[400.0, 400.0, 400.0, 400.0, 400.0, 400.0, 150.0, 150.0, 150.0, 150.0, 150.0, 150.0, 150.0, 150.0, 150.0, 150.0, 150.0, 150.0, 150.0, 150.0], torque_limit=[500.0, 500.0, 500.0, 500.0, 500.0, 500.0, 40.0, 40.0, 40.0, 40.0, 40.0, 40.0, 40.0, 40.0, 40.0, 40.0, 40.0, 40.0, 40.0, 40.0], damping=1.0
DEBUG 2026-09-06 03:17:08 /gripper.py:183 [Gripper] set_positions: normalized=[0.005 1.   ], target_rad=[4.0476 7.515 ]
DEBUG 2026-09-06 03:17:08 _client.py:1428 Control loop (ms): 11.71
DEBUG 2026-09-06 03:17:08 by1/rby1.py:813 [ramp] elapsed=12.42s progress=1.000 min_time=0.070s
DEBUG 2026-09-06 03:17:08 by1/rby1.py:663 [impedance] stiffness=[400.0, 400.0, 400.0, 400.0, 400.0, 400.0, 150.0, 150.0, 150.0, 150.0, 150.0, 150.0, 150.0, 150.0, 150.0, 150.0, 150.0, 150.0, 150.0, 150.0], torque_limit=[500.0, 500.0, 500.0, 500.0, 500.0, 500.0, 40.0, 40.0, 40.0, 40.0, 40.0, 40.0, 40.0, 40.0, 40.0, 40.0, 40.0, 40.0, 40.0, 40.0], damping=1.0
DEBUG 2026-09-06 03:17:08 /gripper.py:183 [Gripper] set_positions: normalized=[0.003 0.987], target_rad=[4.0375 7.4584]
DEBUG 2026-09-06 03:17:08 _client.py:1428 Control loop (ms): 11.02
DEBUG 2026-09-06 03:17:08 by1/rby1.py:813 [ramp] elapsed=12.49s progress=1.000 min_time=0.070s
DEBUG 2026-09-06 03:17:08 by1/rby1.py:663 [impedance] stiffness=[400.0, 400.0, 400.0, 400.0, 400.0, 400.0, 150.0, 150.0, 150.0, 150.0, 150.0, 150.0, 150.0, 150.0, 150.0, 150.0, 150.0, 150.0, 150.0, 150.0], torque_limit=[500.0, 500.0, 500.0, 500.0, 500.0, 500.0, 40.0, 40.0, 40.0, 40.0, 40.0, 40.0, 40.0, 40.0, 40.0, 40.0, 40.0, 40.0, 40.0, 40.0], damping=1.0
DEBUG 2026-09-06 03:17:08 /gripper.py:183 [Gripper] set_positions: normalized=[0.004 0.997], target_rad=[4.0417 7.5017]
DEBUG 2026-09-06 03:17:08 _client.py:1428 Control loop (ms): 15.49
DEBUG 2026-09-06 03:17:08 t_client.py:700 Received actions on device: cpu
DEBUG 2026-09-06 03:17:08 t_client.py:710 Actions kept on device: cpu
DEBUG 2026-09-06 03:17:08 _client.py:1428 Control loop (ms): 0.04
DEBUG 2026-09-06 03:17:08 by1/rby1.py:813 [ramp] elapsed=12.62s progress=1.000 min_time=0.070s
DEBUG 2026-09-06 03:17:08 by1/rby1.py:663 [impedance] stiffness=[400.0, 400.0, 400.0, 400.0, 400.0, 400.0, 150.0, 150.0, 150.0, 150.0, 150.0, 150.0, 150.0, 150.0, 150.0, 150.0, 150.0, 150.0, 150.0, 150.0], torque_limit=[500.0, 500.0, 500.0, 500.0, 500.0, 500.0, 40.0, 40.0, 40.0, 40.0, 40.0, 40.0, 40.0, 40.0, 40.0, 40.0, 40.0, 40.0, 40.0, 40.0], damping=1.0
DEBUG 2026-09-06 03:17:08 /gripper.py:183 [Gripper] set_positions: normalized=[0.    0.993], target_rad=[4.0236 7.4823]
DEBUG 2026-09-06 03:17:08 _client.py:1428 Control loop (ms): 10.94
DEBUG 2026-09-06 03:17:08 by1/rby1.py:813 [ramp] elapsed=12.69s progress=1.000 min_time=0.070s
DEBUG 2026-09-06 03:17:08 by1/rby1.py:663 [impedance] stiffness=[400.0, 400.0, 400.0, 400.0, 400.0, 400.0, 150.0, 150.0, 150.0, 150.0, 150.0, 150.0, 150.0, 150.0, 150.0, 150.0, 150.0, 150.0, 150.0, 150.0], torque_limit=[500.0, 500.0, 500.0, 500.0, 500.0, 500.0, 40.0, 40.0, 40.0, 40.0, 40.0, 40.0, 40.0, 40.0, 40.0, 40.0, 40.0, 40.0, 40.0, 40.0], damping=1.0
DEBUG 2026-09-06 03:17:08 /gripper.py:183 [Gripper] set_positions: normalized=[0.004 0.991], target_rad=[4.042  7.4729]
DEBUG 2026-09-06 03:17:08 _client.py:1428 Control loop (ms): 16.28
DEBUG 2026-09-06 03:17:08 by1/rby1.py:813 [ramp] elapsed=12.75s progress=1.000 min_time=0.070s
DEBUG 2026-09-06 03:17:08 by1/rby1.py:663 [impedance] stiffness=[400.0, 400.0, 400.0, 400.0, 400.0, 400.0, 150.0, 150.0, 150.0, 150.0, 150.0, 150.0, 150.0, 150.0, 150.0, 150.0, 150.0, 150.0, 150.0, 150.0], torque_limit=[500.0, 500.0, 500.0, 500.0, 500.0, 500.0, 40.0, 40.0, 40.0, 40.0, 40.0, 40.0, 40.0, 40.0, 40.0, 40.0, 40.0, 40.0, 40.0, 40.0], damping=1.0
DEBUG 2026-09-06 03:17:08 /gripper.py:183 [Gripper] set_positions: normalized=[0.    0.991], target_rad=[4.0236 7.476 ]
DEBUG 2026-09-06 03:17:08 _client.py:1428 Control loop (ms): 11.42
DEBUG 2026-09-06 03:17:08 by1/rby1.py:813 [ramp] elapsed=12.82s progress=1.000 min_time=0.070s
DEBUG 2026-09-06 03:17:08 by1/rby1.py:663 [impedance] stiffness=[400.0, 400.0, 400.0, 400.0, 400.0, 400.0, 150.0, 150.0, 150.0, 150.0, 150.0, 150.0, 150.0, 150.0, 150.0, 150.0, 150.0, 150.0, 150.0, 150.0], torque_limit=[500.0, 500.0, 500.0, 500.0, 500.0, 500.0, 40.0, 40.0, 40.0, 40.0, 40.0, 40.0, 40.0, 40.0, 40.0, 40.0, 40.0, 40.0, 40.0, 40.0], damping=1.0
DEBUG 2026-09-06 03:17:08 /gripper.py:183 [Gripper] set_positions: normalized=[0.003 0.987], target_rad=[4.0361 7.458 ]
DEBUG 2026-09-06 03:17:08 _client.py:1428 Control loop (ms): 10.68
DEBUG 2026-09-06 03:17:08 by1/rby1.py:813 [ramp] elapsed=12.89s progress=1.000 min_time=0.070s
DEBUG 2026-09-06 03:17:08 by1/rby1.py:663 [impedance] stiffness=[400.0, 400.0, 400.0, 400.0, 400.0, 400.0, 150.0, 150.0, 150.0, 150.0, 150.0, 150.0, 150.0, 150.0, 150.0, 150.0, 150.0, 150.0, 150.0, 150.0], torque_limit=[500.0, 500.0, 500.0, 500.0, 500.0, 500.0, 40.0, 40.0, 40.0, 40.0, 40.0, 40.0, 40.0, 40.0, 40.0, 40.0, 40.0, 40.0, 40.0, 40.0], damping=1.0
DEBUG 2026-09-06 03:17:08 /gripper.py:183 [Gripper] set_positions: normalized=[0.002 0.995], target_rad=[4.0307 7.4939]
DEBUG 2026-09-06 03:17:08 _client.py:1428 Control loop (ms): 15.13
DEBUG 2026-09-06 03:17:08 by1/rby1.py:813 [ramp] elapsed=12.95s progress=1.000 min_time=0.070s
DEBUG 2026-09-06 03:17:08 by1/rby1.py:663 [impedance] stiffness=[400.0, 400.0, 400.0, 400.0, 400.0, 400.0, 150.0, 150.0, 150.0, 150.0, 150.0, 150.0, 150.0, 150.0, 150.0, 150.0, 150.0, 150.0, 150.0, 150.0], torque_limit=[500.0, 500.0, 500.0, 500.0, 500.0, 500.0, 40.0, 40.0, 40.0, 40.0, 40.0, 40.0, 40.0, 40.0, 40.0, 40.0, 40.0, 40.0, 40.0, 40.0], damping=1.0
DEBUG 2026-09-06 03:17:08 /gripper.py:183 [Gripper] set_positions: normalized=[0.   0.99], target_rad=[4.0236 7.4721]
DEBUG 2026-09-06 03:17:08 _client.py:1428 Control loop (ms): 11.13
DEBUG 2026-09-06 03:17:08 by1/rby1.py:813 [ramp] elapsed=13.02s progress=1.000 min_time=0.070s
DEBUG 2026-09-06 03:17:08 by1/rby1.py:663 [impedance] stiffness=[400.0, 400.0, 400.0, 400.0, 400.0, 400.0, 150.0, 150.0, 150.0, 150.0, 150.0, 150.0, 150.0, 150.0, 150.0, 150.0, 150.0, 150.0, 150.0, 150.0], torque_limit=[500.0, 500.0, 500.0, 500.0, 500.0, 500.0, 40.0, 40.0, 40.0, 40.0, 40.0, 40.0, 40.0, 40.0, 40.0, 40.0, 40.0, 40.0, 40.0, 40.0], damping=1.0
DEBUG 2026-09-06 03:17:08 /gripper.py:183 [Gripper] set_positions: normalized=[0.    0.986], target_rad=[4.0257 7.4498]
DEBUG 2026-09-06 03:17:08 _client.py:1428 Control loop (ms): 12.30
DEBUG 2026-09-06 03:17:08 by1/rby1.py:813 [ramp] elapsed=13.09s progress=1.000 min_time=0.070s
DEBUG 2026-09-06 03:17:08 by1/rby1.py:663 [impedance] stiffness=[400.0, 400.0, 400.0, 400.0, 400.0, 400.0, 150.0, 150.0, 150.0, 150.0, 150.0, 150.0, 150.0, 150.0, 150.0, 150.0, 150.0, 150.0, 150.0, 150.0], torque_limit=[500.0, 500.0, 500.0, 500.0, 500.0, 500.0, 40.0, 40.0, 40.0, 40.0, 40.0, 40.0, 40.0, 40.0, 40.0, 40.0, 40.0, 40.0, 40.0, 40.0], damping=1.0
DEBUG 2026-09-06 03:17:08 /gripper.py:183 [Gripper] set_positions: normalized=[0.004 0.99 ], target_rad=[4.0394 7.4692]
DEBUG 2026-09-06 03:17:08 _client.py:1428 Control loop (ms): 11.67
DEBUG 2026-09-06 03:17:09 by1/rby1.py:813 [ramp] elapsed=13.15s progress=1.000 min_time=0.070s
DEBUG 2026-09-06 03:17:09 by1/rby1.py:663 [impedance] stiffness=[400.0, 400.0, 400.0, 400.0, 400.0, 400.0, 150.0, 150.0, 150.0, 150.0, 150.0, 150.0, 150.0, 150.0, 150.0, 150.0, 150.0, 150.0, 150.0, 150.0], torque_limit=[500.0, 500.0, 500.0, 500.0, 500.0, 500.0, 40.0, 40.0, 40.0, 40.0, 40.0, 40.0, 40.0, 40.0, 40.0, 40.0, 40.0, 40.0, 40.0, 40.0], damping=1.0
DEBUG 2026-09-06 03:17:09 /gripper.py:183 [Gripper] set_positions: normalized=[0.    0.989], target_rad=[4.0236 7.4638]
DEBUG 2026-09-06 03:17:09 _client.py:1428 Control loop (ms): 12.87
DEBUG 2026-09-06 03:17:09 by1/rby1.py:813 [ramp] elapsed=13.22s progress=1.000 min_time=0.070s
DEBUG 2026-09-06 03:17:09 by1/rby1.py:663 [impedance] stiffness=[400.0, 400.0, 400.0, 400.0, 400.0, 400.0, 150.0, 150.0, 150.0, 150.0, 150.0, 150.0, 150.0, 150.0, 150.0, 150.0, 150.0, 150.0, 150.0, 150.0], torque_limit=[500.0, 500.0, 500.0, 500.0, 500.0, 500.0, 40.0, 40.0, 40.0, 40.0, 40.0, 40.0, 40.0, 40.0, 40.0, 40.0, 40.0, 40.0, 40.0, 40.0], damping=1.0
DEBUG 2026-09-06 03:17:09 /gripper.py:183 [Gripper] set_positions: normalized=[0.    0.989], target_rad=[4.0236 7.4658]
DEBUG 2026-09-06 03:17:09 _client.py:1428 Control loop (ms): 12.04
DEBUG 2026-09-06 03:17:09 by1/rby1.py:813 [ramp] elapsed=13.29s progress=1.000 min_time=0.070s
DEBUG 2026-09-06 03:17:09 by1/rby1.py:663 [impedance] stiffness=[400.0, 400.0, 400.0, 400.0, 400.0, 400.0, 150.0, 150.0, 150.0, 150.0, 150.0, 150.0, 150.0, 150.0, 150.0, 150.0, 150.0, 150.0, 150.0, 150.0], torque_limit=[500.0, 500.0, 500.0, 500.0, 500.0, 500.0, 40.0, 40.0, 40.0, 40.0, 40.0, 40.0, 40.0, 40.0, 40.0, 40.0, 40.0, 40.0, 40.0, 40.0], damping=1.0
DEBUG 2026-09-06 03:17:09 /gripper.py:183 [Gripper] set_positions: normalized=[0.004 0.98 ], target_rad=[4.0395 7.4233]
DEBUG 2026-09-06 03:17:09 _client.py:1428 Control loop (ms): 11.35
DEBUG 2026-09-06 03:17:09 by1/rby1.py:813 [ramp] elapsed=13.35s progress=1.000 min_time=0.070s
DEBUG 2026-09-06 03:17:09 by1/rby1.py:663 [impedance] stiffness=[400.0, 400.0, 400.0, 400.0, 400.0, 400.0, 150.0, 150.0, 150.0, 150.0, 150.0, 150.0, 150.0, 150.0, 150.0, 150.0, 150.0, 150.0, 150.0, 150.0], torque_limit=[500.0, 500.0, 500.0, 500.0, 500.0, 500.0, 40.0, 40.0, 40.0, 40.0, 40.0, 40.0, 40.0, 40.0, 40.0, 40.0, 40.0, 40.0, 40.0, 40.0], damping=1.0
DEBUG 2026-09-06 03:17:09 /gripper.py:183 [Gripper] set_positions: normalized=[0.002 0.98 ], target_rad=[4.0331 7.425 ]
DEBUG 2026-09-06 03:17:09 _client.py:1428 Control loop (ms): 12.59
DEBUG 2026-09-06 03:17:09 by1/rby1.py:813 [ramp] elapsed=13.42s progress=1.000 min_time=0.070s
DEBUG 2026-09-06 03:17:09 by1/rby1.py:663 [impedance] stiffness=[400.0, 400.0, 400.0, 400.0, 400.0, 400.0, 150.0, 150.0, 150.0, 150.0, 150.0, 150.0, 150.0, 150.0, 150.0, 150.0, 150.0, 150.0, 150.0, 150.0], torque_limit=[500.0, 500.0, 500.0, 500.0, 500.0, 500.0, 40.0, 40.0, 40.0, 40.0, 40.0, 40.0, 40.0, 40.0, 40.0, 40.0, 40.0, 40.0, 40.0, 40.0], damping=1.0
DEBUG 2026-09-06 03:17:09 /gripper.py:183 [Gripper] set_positions: normalized=[0.006 0.983], target_rad=[4.0498 7.4401]
DEBUG 2026-09-06 03:17:09 _client.py:1428 Control loop (ms): 12.89
DEBUG 2026-09-06 03:17:09 by1/rby1.py:813 [ramp] elapsed=13.49s progress=1.000 min_time=0.070s
DEBUG 2026-09-06 03:17:09 by1/rby1.py:663 [impedance] stiffness=[400.0, 400.0, 400.0, 400.0, 400.0, 400.0, 150.0, 150.0, 150.0, 150.0, 150.0, 150.0, 150.0, 150.0, 150.0, 150.0, 150.0, 150.0, 150.0, 150.0], torque_limit=[500.0, 500.0, 500.0, 500.0, 500.0, 500.0, 40.0, 40.0, 40.0, 40.0, 40.0, 40.0, 40.0, 40.0, 40.0, 40.0, 40.0, 40.0, 40.0, 40.0], damping=1.0
DEBUG 2026-09-06 03:17:09 /gripper.py:183 [Gripper] set_positions: normalized=[0.007 0.98 ], target_rad=[4.0549 7.4255]
DEBUG 2026-09-06 03:17:09 _client.py:1428 Control loop (ms): 11.01
DEBUG 2026-09-06 03:17:09 by1/rby1.py:813 [ramp] elapsed=13.55s progress=1.000 min_time=0.070s
DEBUG 2026-09-06 03:17:09 by1/rby1.py:663 [impedance] stiffness=[400.0, 400.0, 400.0, 400.0, 400.0, 400.0, 150.0, 150.0, 150.0, 150.0, 150.0, 150.0, 150.0, 150.0, 150.0, 150.0, 150.0, 150.0, 150.0, 150.0], torque_limit=[500.0, 500.0, 500.0, 500.0, 500.0, 500.0, 40.0, 40.0, 40.0, 40.0, 40.0, 40.0, 40.0, 40.0, 40.0, 40.0, 40.0, 40.0, 40.0, 40.0], damping=1.0
DEBUG 2026-09-06 03:17:09 /gripper.py:183 [Gripper] set_positions: normalized=[0.005 0.971], target_rad=[4.0469 7.3832]
DEBUG 2026-09-06 03:17:09 _client.py:1428 Control loop (ms): 12.34
DEBUG 2026-09-06 03:17:09 by1/rby1.py:813 [ramp] elapsed=13.62s progress=1.000 min_time=0.070s
DEBUG 2026-09-06 03:17:09 by1/rby1.py:663 [impedance] stiffness=[400.0, 400.0, 400.0, 400.0, 400.0, 400.0, 150.0, 150.0, 150.0, 150.0, 150.0, 150.0, 150.0, 150.0, 150.0, 150.0, 150.0, 150.0, 150.0, 150.0], torque_limit=[500.0, 500.0, 500.0, 500.0, 500.0, 500.0, 40.0, 40.0, 40.0, 40.0, 40.0, 40.0, 40.0, 40.0, 40.0, 40.0, 40.0, 40.0, 40.0, 40.0], damping=1.0
DEBUG 2026-09-06 03:17:09 /gripper.py:183 [Gripper] set_positions: normalized=[0.012 0.971], target_rad=[4.0773 7.3827]
DEBUG 2026-09-06 03:17:09 _client.py:1428 Control loop (ms): 11.54
DEBUG 2026-09-06 03:17:09 by1/rby1.py:813 [ramp] elapsed=13.69s progress=1.000 min_time=0.070s
DEBUG 2026-09-06 03:17:09 by1/rby1.py:663 [impedance] stiffness=[400.0, 400.0, 400.0, 400.0, 400.0, 400.0, 150.0, 150.0, 150.0, 150.0, 150.0, 150.0, 150.0, 150.0, 150.0, 150.0, 150.0, 150.0, 150.0, 150.0], torque_limit=[500.0, 500.0, 500.0, 500.0, 500.0, 500.0, 40.0, 40.0, 40.0, 40.0, 40.0, 40.0, 40.0, 40.0, 40.0, 40.0, 40.0, 40.0, 40.0, 40.0], damping=1.0
DEBUG 2026-09-06 03:17:09 /gripper.py:183 [Gripper] set_positions: normalized=[0.01  0.977], target_rad=[4.0669 7.4132]
DEBUG 2026-09-06 03:17:09 _client.py:1428 Control loop (ms): 10.83
DEBUG 2026-09-06 03:17:09 by1/rby1.py:813 [ramp] elapsed=13.75s progress=1.000 min_time=0.070s
DEBUG 2026-09-06 03:17:09 by1/rby1.py:663 [impedance] stiffness=[400.0, 400.0, 400.0, 400.0, 400.0, 400.0, 150.0, 150.0, 150.0, 150.0, 150.0, 150.0, 150.0, 150.0, 150.0, 150.0, 150.0, 150.0, 150.0, 150.0], torque_limit=[500.0, 500.0, 500.0, 500.0, 500.0, 500.0, 40.0, 40.0, 40.0, 40.0, 40.0, 40.0, 40.0, 40.0, 40.0, 40.0, 40.0, 40.0, 40.0, 40.0], damping=1.0
DEBUG 2026-09-06 03:17:09 /gripper.py:183 [Gripper] set_positions: normalized=[0.006 0.959], target_rad=[4.0492 7.3312]
DEBUG 2026-09-06 03:17:09 _client.py:1428 Control loop (ms): 13.96
DEBUG 2026-09-06 03:17:09 by1/rby1.py:813 [ramp] elapsed=13.82s progress=1.000 min_time=0.070s
DEBUG 2026-09-06 03:17:09 by1/rby1.py:663 [impedance] stiffness=[400.0, 400.0, 400.0, 400.0, 400.0, 400.0, 150.0, 150.0, 150.0, 150.0, 150.0, 150.0, 150.0, 150.0, 150.0, 150.0, 150.0, 150.0, 150.0, 150.0], torque_limit=[500.0, 500.0, 500.0, 500.0, 500.0, 500.0, 40.0, 40.0, 40.0, 40.0, 40.0, 40.0, 40.0, 40.0, 40.0, 40.0, 40.0, 40.0, 40.0, 40.0], damping=1.0
DEBUG 2026-09-06 03:17:09 /gripper.py:183 [Gripper] set_positions: normalized=[0.01 0.9 ], target_rad=[4.0678 7.0624]
DEBUG 2026-09-06 03:17:09 t_client.py:512 Image transport preprocessing: images=3 | resize=0.000ms | JPEG encode=15.521ms | total=15.703ms | original=2764800 bytes | transport=96790 bytes | compression=28.56x
DEBUG 2026-09-06 03:17:09 t_client.py:535 Observation serialization time: 0.000126s
DEBUG 2026-09-06 03:17:09 ort/utils.py:54 [CLIENT] Observation Buffer size 0.09312152862548828 MB with
DEBUG 2026-09-06 03:17:09 ort/utils.py:69 [CLIENT] Observation Sent 97645/97645 bytes with state 3
DEBUG 2026-09-06 03:17:09 ort/utils.py:71 [CLIENT] Observation Published 0.09312152862548828 MB
DEBUG 2026-09-06 03:17:09 t_client.py:546 Sent observation #216 | 
DEBUG 2026-09-06 03:17:09 _client.py:1073 QUEUE SIZE: 25 (Must go: True)
DEBUG 2026-09-06 03:17:09 _client.py:1428 Control loop (ms): 57.73
DEBUG 2026-09-06 03:17:09 by1/rby1.py:813 [ramp] elapsed=13.89s progress=1.000 min_time=0.070s
DEBUG 2026-09-06 03:17:09 by1/rby1.py:663 [impedance] stiffness=[400.0, 400.0, 400.0, 400.0, 400.0, 400.0, 150.0, 150.0, 150.0, 150.0, 150.0, 150.0, 150.0, 150.0, 150.0, 150.0, 150.0, 150.0, 150.0, 150.0], torque_limit=[500.0, 500.0, 500.0, 500.0, 500.0, 500.0, 40.0, 40.0, 40.0, 40.0, 40.0, 40.0, 40.0, 40.0, 40.0, 40.0, 40.0, 40.0, 40.0, 40.0], damping=1.0
DEBUG 2026-09-06 03:17:09 /gripper.py:183 [Gripper] set_positions: normalized=[0.012 0.737], target_rad=[4.0778 6.3294]
DEBUG 2026-09-06 03:17:09 _client.py:1428 Control loop (ms): 12.56
DEBUG 2026-09-06 03:17:09 by1/rby1.py:813 [ramp] elapsed=13.95s progress=1.000 min_time=0.070s
DEBUG 2026-09-06 03:17:09 by1/rby1.py:663 [impedance] stiffness=[400.0, 400.0, 400.0, 400.0, 400.0, 400.0, 150.0, 150.0, 150.0, 150.0, 150.0, 150.0, 150.0, 150.0, 150.0, 150.0, 150.0, 150.0, 150.0, 150.0], torque_limit=[500.0, 500.0, 500.0, 500.0, 500.0, 500.0, 40.0, 40.0, 40.0, 40.0, 40.0, 40.0, 40.0, 40.0, 40.0, 40.0, 40.0, 40.0, 40.0, 40.0], damping=1.0
DEBUG 2026-09-06 03:17:09 /gripper.py:183 [Gripper] set_positions: normalized=[0.007 0.826], target_rad=[4.0533 6.7303]
DEBUG 2026-09-06 03:17:09 _client.py:1428 Control loop (ms): 11.56
DEBUG 2026-09-06 03:17:09 by1/rby1.py:813 [ramp] elapsed=14.02s progress=1.000 min_time=0.070s
DEBUG 2026-09-06 03:17:09 by1/rby1.py:663 [impedance] stiffness=[400.0, 400.0, 400.0, 400.0, 400.0, 400.0, 150.0, 150.0, 150.0, 150.0, 150.0, 150.0, 150.0, 150.0, 150.0, 150.0, 150.0, 150.0, 150.0, 150.0], torque_limit=[500.0, 500.0, 500.0, 500.0, 500.0, 500.0, 40.0, 40.0, 40.0, 40.0, 40.0, 40.0, 40.0, 40.0, 40.0, 40.0, 40.0, 40.0, 40.0, 40.0], damping=1.0
DEBUG 2026-09-06 03:17:09 /gripper.py:183 [Gripper] set_positions: normalized=[0.006 0.55 ], target_rad=[4.052  5.4868]
DEBUG 2026-09-06 03:17:09 _client.py:1428 Control loop (ms): 12.69
DEBUG 2026-09-06 03:17:09 by1/rby1.py:813 [ramp] elapsed=14.09s progress=1.000 min_time=0.070s
DEBUG 2026-09-06 03:17:09 by1/rby1.py:663 [impedance] stiffness=[400.0, 400.0, 400.0, 400.0, 400.0, 400.0, 150.0, 150.0, 150.0, 150.0, 150.0, 150.0, 150.0, 150.0, 150.0, 150.0, 150.0, 150.0, 150.0, 150.0], torque_limit=[500.0, 500.0, 500.0, 500.0, 500.0, 500.0, 40.0, 40.0, 40.0, 40.0, 40.0, 40.0, 40.0, 40.0, 40.0, 40.0, 40.0, 40.0, 40.0, 40.0], damping=1.0
DEBUG 2026-09-06 03:17:09 /gripper.py:183 [Gripper] set_positions: normalized=[0.011 0.236], target_rad=[4.0707 4.0726]
DEBUG 2026-09-06 03:17:09 _client.py:1428 Control loop (ms): 11.88
DEBUG 2026-09-06 03:17:10 by1/rby1.py:813 [ramp] elapsed=14.16s progress=1.000 min_time=0.070s
DEBUG 2026-09-06 03:17:10 by1/rby1.py:663 [impedance] stiffness=[400.0, 400.0, 400.0, 400.0, 400.0, 400.0, 150.0, 150.0, 150.0, 150.0, 150.0, 150.0, 150.0, 150.0, 150.0, 150.0, 150.0, 150.0, 150.0, 150.0], torque_limit=[500.0, 500.0, 500.0, 500.0, 500.0, 500.0, 40.0, 40.0, 40.0, 40.0, 40.0, 40.0, 40.0, 40.0, 40.0, 40.0, 40.0, 40.0, 40.0, 40.0], damping=1.0
DEBUG 2026-09-06 03:17:10 /gripper.py:183 [Gripper] set_positions: normalized=[0.001 0.086], target_rad=[4.0288 3.3977]
DEBUG 2026-09-06 03:17:10 _client.py:1428 Control loop (ms): 15.73
DEBUG 2026-09-06 03:17:10 t_client.py:700 Received actions on device: cpu
DEBUG 2026-09-06 03:17:10 t_client.py:710 Actions kept on device: cpu
DEBUG 2026-09-06 03:17:10 _client.py:1428 Control loop (ms): 0.04
DEBUG 2026-09-06 03:17:10 by1/rby1.py:813 [ramp] elapsed=14.29s progress=1.000 min_time=0.070s
DEBUG 2026-09-06 03:17:10 by1/rby1.py:663 [impedance] stiffness=[400.0, 400.0, 400.0, 400.0, 400.0, 400.0, 150.0, 150.0, 150.0, 150.0, 150.0, 150.0, 150.0, 150.0, 150.0, 150.0, 150.0, 150.0, 150.0, 150.0], torque_limit=[500.0, 500.0, 500.0, 500.0, 500.0, 500.0, 40.0, 40.0, 40.0, 40.0, 40.0, 40.0, 40.0, 40.0, 40.0, 40.0, 40.0, 40.0, 40.0, 40.0], damping=1.0
DEBUG 2026-09-06 03:17:10 /gripper.py:183 [Gripper] set_positions: normalized=[0.007 0.014], target_rad=[4.0545 3.071 ]
DEBUG 2026-09-06 03:17:10 _client.py:1428 Control loop (ms): 11.29
DEBUG 2026-09-06 03:17:10 by1/rby1.py:813 [ramp] elapsed=14.36s progress=1.000 min_time=0.070s
DEBUG 2026-09-06 03:17:10 by1/rby1.py:663 [impedance] stiffness=[400.0, 400.0, 400.0, 400.0, 400.0, 400.0, 150.0, 150.0, 150.0, 150.0, 150.0, 150.0, 150.0, 150.0, 150.0, 150.0, 150.0, 150.0, 150.0, 150.0], torque_limit=[500.0, 500.0, 500.0, 500.0, 500.0, 500.0, 40.0, 40.0, 40.0, 40.0, 40.0, 40.0, 40.0, 40.0, 40.0, 40.0, 40.0, 40.0, 40.0, 40.0], damping=1.0
DEBUG 2026-09-06 03:17:10 /gripper.py:183 [Gripper] set_positions: normalized=[0.012 0.   ], target_rad=[4.0768 3.0081]
DEBUG 2026-09-06 03:17:10 _client.py:1428 Control loop (ms): 10.64
DEBUG 2026-09-06 03:17:10 by1/rby1.py:813 [ramp] elapsed=14.42s progress=1.000 min_time=0.070s
DEBUG 2026-09-06 03:17:10 by1/rby1.py:663 [impedance] stiffness=[400.0, 400.0, 400.0, 400.0, 400.0, 400.0, 150.0, 150.0, 150.0, 150.0, 150.0, 150.0, 150.0, 150.0, 150.0, 150.0, 150.0, 150.0, 150.0, 150.0], torque_limit=[500.0, 500.0, 500.0, 500.0, 500.0, 500.0, 40.0, 40.0, 40.0, 40.0, 40.0, 40.0, 40.0, 40.0, 40.0, 40.0, 40.0, 40.0, 40.0, 40.0], damping=1.0
DEBUG 2026-09-06 03:17:10 /gripper.py:183 [Gripper] set_positions: normalized=[0.008 0.   ], target_rad=[4.0596 3.0081]
DEBUG 2026-09-06 03:17:10 _client.py:1428 Control loop (ms): 14.77
DEBUG 2026-09-06 03:17:10 by1/rby1.py:813 [ramp] elapsed=14.49s progress=1.000 min_time=0.070s
DEBUG 2026-09-06 03:17:10 by1/rby1.py:663 [impedance] stiffness=[400.0, 400.0, 400.0, 400.0, 400.0, 400.0, 150.0, 150.0, 150.0, 150.0, 150.0, 150.0, 150.0, 150.0, 150.0, 150.0, 150.0, 150.0, 150.0, 150.0], torque_limit=[500.0, 500.0, 500.0, 500.0, 500.0, 500.0, 40.0, 40.0, 40.0, 40.0, 40.0, 40.0, 40.0, 40.0, 40.0, 40.0, 40.0, 40.0, 40.0, 40.0], damping=1.0
DEBUG 2026-09-06 03:17:10 /gripper.py:183 [Gripper] set_positions: normalized=[0.004 0.004], target_rad=[4.0424 3.0255]
DEBUG 2026-09-06 03:17:10 _client.py:1428 Control loop (ms): 11.99
DEBUG 2026-09-06 03:17:10 by1/rby1.py:813 [ramp] elapsed=14.56s progress=1.000 min_time=0.070s
DEBUG 2026-09-06 03:17:10 by1/rby1.py:663 [impedance] stiffness=[400.0, 400.0, 400.0, 400.0, 400.0, 400.0, 150.0, 150.0, 150.0, 150.0, 150.0, 150.0, 150.0, 150.0, 150.0, 150.0, 150.0, 150.0, 150.0, 150.0], torque_limit=[500.0, 500.0, 500.0, 500.0, 500.0, 500.0, 40.0, 40.0, 40.0, 40.0, 40.0, 40.0, 40.0, 40.0, 40.0, 40.0, 40.0, 40.0, 40.0, 40.0], damping=1.0
DEBUG 2026-09-06 03:17:10 /gripper.py:183 [Gripper] set_positions: normalized=[0.004 0.   ], target_rad=[4.0425 3.0081]
DEBUG 2026-09-06 03:17:10 _client.py:1428 Control loop (ms): 12.22
DEBUG 2026-09-06 03:17:10 by1/rby1.py:813 [ramp] elapsed=14.62s progress=1.000 min_time=0.070s
DEBUG 2026-09-06 03:17:10 by1/rby1.py:663 [impedance] stiffness=[400.0, 400.0, 400.0, 400.0, 400.0, 400.0, 150.0, 150.0, 150.0, 150.0, 150.0, 150.0, 150.0, 150.0, 150.0, 150.0, 150.0, 150.0, 150.0, 150.0], torque_limit=[500.0, 500.0, 500.0, 500.0, 500.0, 500.0, 40.0, 40.0, 40.0, 40.0, 40.0, 40.0, 40.0, 40.0, 40.0, 40.0, 40.0, 40.0, 40.0, 40.0], damping=1.0
DEBUG 2026-09-06 03:17:10 /gripper.py:183 [Gripper] set_positions: normalized=[0.005 0.007], target_rad=[4.0467 3.0396]
DEBUG 2026-09-06 03:17:10 _client.py:1428 Control loop (ms): 13.51
DEBUG 2026-09-06 03:17:10 by1/rby1.py:813 [ramp] elapsed=14.69s progress=1.000 min_time=0.070s
DEBUG 2026-09-06 03:17:10 by1/rby1.py:663 [impedance] stiffness=[400.0, 400.0, 400.0, 400.0, 400.0, 400.0, 150.0, 150.0, 150.0, 150.0, 150.0, 150.0, 150.0, 150.0, 150.0, 150.0, 150.0, 150.0, 150.0, 150.0], torque_limit=[500.0, 500.0, 500.0, 500.0, 500.0, 500.0, 40.0, 40.0, 40.0, 40.0, 40.0, 40.0, 40.0, 40.0, 40.0, 40.0, 40.0, 40.0, 40.0, 40.0], damping=1.0
DEBUG 2026-09-06 03:17:10 /gripper.py:183 [Gripper] set_positions: normalized=[0.003 0.003], target_rad=[4.0389 3.0197]
DEBUG 2026-09-06 03:17:10 _client.py:1428 Control loop (ms): 11.70
DEBUG 2026-09-06 03:17:10 by1/rby1.py:813 [ramp] elapsed=14.76s progress=1.000 min_time=0.070s
DEBUG 2026-09-06 03:17:10 by1/rby1.py:663 [impedance] stiffness=[400.0, 400.0, 400.0, 400.0, 400.0, 400.0, 150.0, 150.0, 150.0, 150.0, 150.0, 150.0, 150.0, 150.0, 150.0, 150.0, 150.0, 150.0, 150.0, 150.0], torque_limit=[500.0, 500.0, 500.0, 500.0, 500.0, 500.0, 40.0, 40.0, 40.0, 40.0, 40.0, 40.0, 40.0, 40.0, 40.0, 40.0, 40.0, 40.0, 40.0, 40.0], damping=1.0
DEBUG 2026-09-06 03:17:10 /gripper.py:183 [Gripper] set_positions: normalized=[0.004 0.   ], target_rad=[4.0415 3.0081]
DEBUG 2026-09-06 03:17:10 _client.py:1428 Control loop (ms): 12.04
DEBUG 2026-09-06 03:17:10 by1/rby1.py:813 [ramp] elapsed=14.82s progress=1.000 min_time=0.070s
DEBUG 2026-09-06 03:17:10 by1/rby1.py:663 [impedance] stiffness=[400.0, 400.0, 400.0, 400.0, 400.0, 400.0, 150.0, 150.0, 150.0, 150.0, 150.0, 150.0, 150.0, 150.0, 150.0, 150.0, 150.0, 150.0, 150.0, 150.0], torque_limit=[500.0, 500.0, 500.0, 500.0, 500.0, 500.0, 40.0, 40.0, 40.0, 40.0, 40.0, 40.0, 40.0, 40.0, 40.0, 40.0, 40.0, 40.0, 40.0, 40.0], damping=1.0
DEBUG 2026-09-06 03:17:10 /gripper.py:183 [Gripper] set_positions: normalized=[0.001 0.005], target_rad=[4.0295 3.0316]
DEBUG 2026-09-06 03:17:10 _client.py:1428 Control loop (ms): 11.36
DEBUG 2026-09-06 03:17:10 by1/rby1.py:813 [ramp] elapsed=14.89s progress=1.000 min_time=0.070s
DEBUG 2026-09-06 03:17:10 by1/rby1.py:663 [impedance] stiffness=[400.0, 400.0, 400.0, 400.0, 400.0, 400.0, 150.0, 150.0, 150.0, 150.0, 150.0, 150.0, 150.0, 150.0, 150.0, 150.0, 150.0, 150.0, 150.0, 150.0], torque_limit=[500.0, 500.0, 500.0, 500.0, 500.0, 500.0, 40.0, 40.0, 40.0, 40.0, 40.0, 40.0, 40.0, 40.0, 40.0, 40.0, 40.0, 40.0, 40.0, 40.0], damping=1.0
DEBUG 2026-09-06 03:17:10 /gripper.py:183 [Gripper] set_positions: normalized=[0.004 0.004], target_rad=[4.0413 3.0245]
DEBUG 2026-09-06 03:17:10 _client.py:1428 Control loop (ms): 12.57
DEBUG 2026-09-06 03:17:10 by1/rby1.py:813 [ramp] elapsed=14.96s progress=1.000 min_time=0.070s
DEBUG 2026-09-06 03:17:10 by1/rby1.py:663 [impedance] stiffness=[400.0, 400.0, 400.0, 400.0, 400.0, 400.0, 150.0, 150.0, 150.0, 150.0, 150.0, 150.0, 150.0, 150.0, 150.0, 150.0, 150.0, 150.0, 150.0, 150.0], torque_limit=[500.0, 500.0, 500.0, 500.0, 500.0, 500.0, 40.0, 40.0, 40.0, 40.0, 40.0, 40.0, 40.0, 40.0, 40.0, 40.0, 40.0, 40.0, 40.0, 40.0], damping=1.0
DEBUG 2026-09-06 03:17:10 /gripper.py:183 [Gripper] set_positions: normalized=[0.001 0.004], target_rad=[4.0278 3.0266]
DEBUG 2026-09-06 03:17:10 _client.py:1428 Control loop (ms): 11.79
DEBUG 2026-09-06 03:17:10 by1/rby1.py:813 [ramp] elapsed=15.02s progress=1.000 min_time=0.070s
DEBUG 2026-09-06 03:17:10 by1/rby1.py:663 [impedance] stiffness=[400.0, 400.0, 400.0, 400.0, 400.0, 400.0, 150.0, 150.0, 150.0, 150.0, 150.0, 150.0, 150.0, 150.0, 150.0, 150.0, 150.0, 150.0, 150.0, 150.0], torque_limit=[500.0, 500.0, 500.0, 500.0, 500.0, 500.0, 40.0, 40.0, 40.0, 40.0, 40.0, 40.0, 40.0, 40.0, 40.0, 40.0, 40.0, 40.0, 40.0, 40.0], damping=1.0
DEBUG 2026-09-06 03:17:10 /gripper.py:183 [Gripper] set_positions: normalized=[0.001 0.005], target_rad=[4.0288 3.0293]
DEBUG 2026-09-06 03:17:10 _client.py:1428 Control loop (ms): 15.05
DEBUG 2026-09-06 03:17:10 by1/rby1.py:813 [ramp] elapsed=15.09s progress=1.000 min_time=0.070s
DEBUG 2026-09-06 03:17:10 by1/rby1.py:663 [impedance] stiffness=[400.0, 400.0, 400.0, 400.0, 400.0, 400.0, 150.0, 150.0, 150.0, 150.0, 150.0, 150.0, 150.0, 150.0, 150.0, 150.0, 150.0, 150.0, 150.0, 150.0], torque_limit=[500.0, 500.0, 500.0, 500.0, 500.0, 500.0, 40.0, 40.0, 40.0, 40.0, 40.0, 40.0, 40.0, 40.0, 40.0, 40.0, 40.0, 40.0, 40.0, 40.0], damping=1.0
DEBUG 2026-09-06 03:17:10 /gripper.py:183 [Gripper] set_positions: normalized=[0. 0.], target_rad=[4.0236 3.0081]
DEBUG 2026-09-06 03:17:10 _client.py:1428 Control loop (ms): 12.11
DEBUG 2026-09-06 03:17:11 by1/rby1.py:813 [ramp] elapsed=15.16s progress=1.000 min_time=0.070s
DEBUG 2026-09-06 03:17:11 by1/rby1.py:663 [impedance] stiffness=[400.0, 400.0, 400.0, 400.0, 400.0, 400.0, 150.0, 150.0, 150.0, 150.0, 150.0, 150.0, 150.0, 150.0, 150.0, 150.0, 150.0, 150.0, 150.0, 150.0], torque_limit=[500.0, 500.0, 500.0, 500.0, 500.0, 500.0, 40.0, 40.0, 40.0, 40.0, 40.0, 40.0, 40.0, 40.0, 40.0, 40.0, 40.0, 40.0, 40.0, 40.0], damping=1.0
DEBUG 2026-09-06 03:17:11 /gripper.py:183 [Gripper] set_positions: normalized=[0.    0.002], target_rad=[4.0244 3.0181]
DEBUG 2026-09-06 03:17:11 _client.py:1428 Control loop (ms): 11.41
DEBUG 2026-09-06 03:17:11 by1/rby1.py:813 [ramp] elapsed=15.22s progress=1.000 min_time=0.070s
DEBUG 2026-09-06 03:17:11 by1/rby1.py:663 [impedance] stiffness=[400.0, 400.0, 400.0, 400.0, 400.0, 400.0, 150.0, 150.0, 150.0, 150.0, 150.0, 150.0, 150.0, 150.0, 150.0, 150.0, 150.0, 150.0, 150.0, 150.0], torque_limit=[500.0, 500.0, 500.0, 500.0, 500.0, 500.0, 40.0, 40.0, 40.0, 40.0, 40.0, 40.0, 40.0, 40.0, 40.0, 40.0, 40.0, 40.0, 40.0, 40.0], damping=1.0
DEBUG 2026-09-06 03:17:11 /gripper.py:183 [Gripper] set_positions: normalized=[0.    0.003], target_rad=[4.024  3.0202]
DEBUG 2026-09-06 03:17:11 _client.py:1428 Control loop (ms): 10.72
DEBUG 2026-09-06 03:17:11 by1/rby1.py:813 [ramp] elapsed=15.29s progress=1.000 min_time=0.070s
DEBUG 2026-09-06 03:17:11 by1/rby1.py:663 [impedance] stiffness=[400.0, 400.0, 400.0, 400.0, 400.0, 400.0, 150.0, 150.0, 150.0, 150.0, 150.0, 150.0, 150.0, 150.0, 150.0, 150.0, 150.0, 150.0, 150.0, 150.0], torque_limit=[500.0, 500.0, 500.0, 500.0, 500.0, 500.0, 40.0, 40.0, 40.0, 40.0, 40.0, 40.0, 40.0, 40.0, 40.0, 40.0, 40.0, 40.0, 40.0, 40.0], damping=1.0
DEBUG 2026-09-06 03:17:11 /gripper.py:183 [Gripper] set_positions: normalized=[0.003 0.004], target_rad=[4.0366 3.026 ]
DEBUG 2026-09-06 03:17:11 _client.py:1428 Control loop (ms): 12.19
DEBUG 2026-09-06 03:17:11 by1/rby1.py:813 [ramp] elapsed=15.36s progress=1.000 min_time=0.070s
DEBUG 2026-09-06 03:17:11 by1/rby1.py:663 [impedance] stiffness=[400.0, 400.0, 400.0, 400.0, 400.0, 400.0, 150.0, 150.0, 150.0, 150.0, 150.0, 150.0, 150.0, 150.0, 150.0, 150.0, 150.0, 150.0, 150.0, 150.0], torque_limit=[500.0, 500.0, 500.0, 500.0, 500.0, 500.0, 40.0, 40.0, 40.0, 40.0, 40.0, 40.0, 40.0, 40.0, 40.0, 40.0, 40.0, 40.0, 40.0, 40.0], damping=1.0
DEBUG 2026-09-06 03:17:11 /gripper.py:183 [Gripper] set_positions: normalized=[0.    0.004], target_rad=[4.0236 3.0271]
DEBUG 2026-09-06 03:17:11 _client.py:1428 Control loop (ms): 11.21
DEBUG 2026-09-06 03:17:11 by1/rby1.py:813 [ramp] elapsed=15.42s progress=1.000 min_time=0.070s
DEBUG 2026-09-06 03:17:11 by1/rby1.py:663 [impedance] stiffness=[400.0, 400.0, 400.0, 400.0, 400.0, 400.0, 150.0, 150.0, 150.0, 150.0, 150.0, 150.0, 150.0, 150.0, 150.0, 150.0, 150.0, 150.0, 150.0, 150.0], torque_limit=[500.0, 500.0, 500.0, 500.0, 500.0, 500.0, 40.0, 40.0, 40.0, 40.0, 40.0, 40.0, 40.0, 40.0, 40.0, 40.0, 40.0, 40.0, 40.0, 40.0], damping=1.0
DEBUG 2026-09-06 03:17:11 /gripper.py:183 [Gripper] set_positions: normalized=[0.    0.001], target_rad=[4.0248 3.0119]
DEBUG 2026-09-06 03:17:11 _client.py:1428 Control loop (ms): 10.46
DEBUG 2026-09-06 03:17:11 by1/rby1.py:813 [ramp] elapsed=15.49s progress=1.000 min_time=0.070s
DEBUG 2026-09-06 03:17:11 by1/rby1.py:663 [impedance] stiffness=[400.0, 400.0, 400.0, 400.0, 400.0, 400.0, 150.0, 150.0, 150.0, 150.0, 150.0, 150.0, 150.0, 150.0, 150.0, 150.0, 150.0, 150.0, 150.0, 150.0], torque_limit=[500.0, 500.0, 500.0, 500.0, 500.0, 500.0, 40.0, 40.0, 40.0, 40.0, 40.0, 40.0, 40.0, 40.0, 40.0, 40.0, 40.0, 40.0, 40.0, 40.0], damping=1.0
DEBUG 2026-09-06 03:17:11 /gripper.py:183 [Gripper] set_positions: normalized=[0. 0.], target_rad=[4.0236 3.0081]
DEBUG 2026-09-06 03:17:11 t_client.py:512 Image transport preprocessing: images=3 | resize=0.000ms | JPEG encode=15.369ms | total=15.559ms | original=2764800 bytes | transport=91095 bytes | compression=30.35x
DEBUG 2026-09-06 03:17:11 t_client.py:535 Observation serialization time: 0.000134s
DEBUG 2026-09-06 03:17:11 ort/utils.py:54 [CLIENT] Observation Buffer size 0.08769035339355469 MB with
DEBUG 2026-09-06 03:17:11 ort/utils.py:69 [CLIENT] Observation Sent 91950/91950 bytes with state 3
DEBUG 2026-09-06 03:17:11 ort/utils.py:71 [CLIENT] Observation Published 0.08769035339355469 MB
DEBUG 2026-09-06 03:17:11 t_client.py:546 Sent observation #240 | 
DEBUG 2026-09-06 03:17:11 _client.py:1073 QUEUE SIZE: 25 (Must go: True)
DEBUG 2026-09-06 03:17:11 _client.py:1428 Control loop (ms): 57.97
DEBUG 2026-09-06 03:17:11 by1/rby1.py:813 [ramp] elapsed=15.56s progress=1.000 min_time=0.070s
DEBUG 2026-09-06 03:17:11 by1/rby1.py:663 [impedance] stiffness=[400.0, 400.0, 400.0, 400.0, 400.0, 400.0, 150.0, 150.0, 150.0, 150.0, 150.0, 150.0, 150.0, 150.0, 150.0, 150.0, 150.0, 150.0, 150.0, 150.0], torque_limit=[500.0, 500.0, 500.0, 500.0, 500.0, 500.0, 40.0, 40.0, 40.0, 40.0, 40.0, 40.0, 40.0, 40.0, 40.0, 40.0, 40.0, 40.0, 40.0, 40.0], damping=1.0
DEBUG 2026-09-06 03:17:11 /gripper.py:183 [Gripper] set_positions: normalized=[0.005 0.   ], target_rad=[4.0475 3.0081]
DEBUG 2026-09-06 03:17:11 _client.py:1428 Control loop (ms): 10.97
DEBUG 2026-09-06 03:17:11 by1/rby1.py:813 [ramp] elapsed=15.62s progress=1.000 min_time=0.070s
DEBUG 2026-09-06 03:17:11 by1/rby1.py:663 [impedance] stiffness=[400.0, 400.0, 400.0, 400.0, 400.0, 400.0, 150.0, 150.0, 150.0, 150.0, 150.0, 150.0, 150.0, 150.0, 150.0, 150.0, 150.0, 150.0, 150.0, 150.0], torque_limit=[500.0, 500.0, 500.0, 500.0, 500.0, 500.0, 40.0, 40.0, 40.0, 40.0, 40.0, 40.0, 40.0, 40.0, 40.0, 40.0, 40.0, 40.0, 40.0, 40.0], damping=1.0
DEBUG 2026-09-06 03:17:11 /gripper.py:183 [Gripper] set_positions: normalized=[0.006 0.   ], target_rad=[4.0522 3.0081]
DEBUG 2026-09-06 03:17:11 _client.py:1428 Control loop (ms): 11.93
DEBUG 2026-09-06 03:17:11 by1/rby1.py:813 [ramp] elapsed=15.69s progress=1.000 min_time=0.070s
DEBUG 2026-09-06 03:17:11 by1/rby1.py:663 [impedance] stiffness=[400.0, 400.0, 400.0, 400.0, 400.0, 400.0, 150.0, 150.0, 150.0, 150.0, 150.0, 150.0, 150.0, 150.0, 150.0, 150.0, 150.0, 150.0, 150.0, 150.0], torque_limit=[500.0, 500.0, 500.0, 500.0, 500.0, 500.0, 40.0, 40.0, 40.0, 40.0, 40.0, 40.0, 40.0, 40.0, 40.0, 40.0, 40.0, 40.0, 40.0, 40.0], damping=1.0
DEBUG 2026-09-06 03:17:11 /gripper.py:183 [Gripper] set_positions: normalized=[0.003 0.004], target_rad=[4.0376 3.0261]
DEBUG 2026-09-06 03:17:11 _client.py:1428 Control loop (ms): 11.14
DEBUG 2026-09-06 03:17:11 by1/rby1.py:813 [ramp] elapsed=15.76s progress=1.000 min_time=0.070s
DEBUG 2026-09-06 03:17:11 by1/rby1.py:663 [impedance] stiffness=[400.0, 400.0, 400.0, 400.0, 400.0, 400.0, 150.0, 150.0, 150.0, 150.0, 150.0, 150.0, 150.0, 150.0, 150.0, 150.0, 150.0, 150.0, 150.0, 150.0], torque_limit=[500.0, 500.0, 500.0, 500.0, 500.0, 500.0, 40.0, 40.0, 40.0, 40.0, 40.0, 40.0, 40.0, 40.0, 40.0, 40.0, 40.0, 40.0, 40.0, 40.0], damping=1.0
DEBUG 2026-09-06 03:17:11 /gripper.py:183 [Gripper] set_positions: normalized=[0.005 0.001], target_rad=[4.0468 3.0129]
DEBUG 2026-09-06 03:17:11 _client.py:1428 Control loop (ms): 13.51
DEBUG 2026-09-06 03:17:11 t_client.py:700 Received actions on device: cpu
DEBUG 2026-09-06 03:17:11 t_client.py:710 Actions kept on device: cpu
DEBUG 2026-09-06 03:17:11 _client.py:1428 Control loop (ms): 0.04
DEBUG 2026-09-06 03:17:11 by1/rby1.py:813 [ramp] elapsed=15.89s progress=1.000 min_time=0.070s
DEBUG 2026-09-06 03:17:11 by1/rby1.py:663 [impedance] stiffness=[400.0, 400.0, 400.0, 400.0, 400.0, 400.0, 150.0, 150.0, 150.0, 150.0, 150.0, 150.0, 150.0, 150.0, 150.0, 150.0, 150.0, 150.0, 150.0, 150.0], torque_limit=[500.0, 500.0, 500.0, 500.0, 500.0, 500.0, 40.0, 40.0, 40.0, 40.0, 40.0, 40.0, 40.0, 40.0, 40.0, 40.0, 40.0, 40.0, 40.0, 40.0], damping=1.0
DEBUG 2026-09-06 03:17:11 /gripper.py:183 [Gripper] set_positions: normalized=[0.009 0.007], target_rad=[4.0641 3.0402]
DEBUG 2026-09-06 03:17:11 _client.py:1428 Control loop (ms): 13.21
DEBUG 2026-09-06 03:17:11 by1/rby1.py:813 [ramp] elapsed=15.96s progress=1.000 min_time=0.070s
DEBUG 2026-09-06 03:17:11 by1/rby1.py:663 [impedance] stiffness=[400.0, 400.0, 400.0, 400.0, 400.0, 400.0, 150.0, 150.0, 150.0, 150.0, 150.0, 150.0, 150.0, 150.0, 150.0, 150.0, 150.0, 150.0, 150.0, 150.0], torque_limit=[500.0, 500.0, 500.0, 500.0, 500.0, 500.0, 40.0, 40.0, 40.0, 40.0, 40.0, 40.0, 40.0, 40.0, 40.0, 40.0, 40.0, 40.0, 40.0, 40.0], damping=1.0
DEBUG 2026-09-06 03:17:11 /gripper.py:183 [Gripper] set_positions: normalized=[0.004 0.   ], target_rad=[4.0423 3.0081]
DEBUG 2026-09-06 03:17:11 _client.py:1428 Control loop (ms): 16.52
DEBUG 2026-09-06 03:17:11 by1/rby1.py:813 [ramp] elapsed=16.02s progress=1.000 min_time=0.070s
DEBUG 2026-09-06 03:17:11 by1/rby1.py:663 [impedance] stiffness=[400.0, 400.0, 400.0, 400.0, 400.0, 400.0, 150.0, 150.0, 150.0, 150.0, 150.0, 150.0, 150.0, 150.0, 150.0, 150.0, 150.0, 150.0, 150.0, 150.0], torque_limit=[500.0, 500.0, 500.0, 500.0, 500.0, 500.0, 40.0, 40.0, 40.0, 40.0, 40.0, 40.0, 40.0, 40.0, 40.0, 40.0, 40.0, 40.0, 40.0, 40.0], damping=1.0
DEBUG 2026-09-06 03:17:11 /gripper.py:183 [Gripper] set_positions: normalized=[0.009 0.001], target_rad=[4.0649 3.0131]
DEBUG 2026-09-06 03:17:11 _client.py:1428 Control loop (ms): 11.59
DEBUG 2026-09-06 03:17:11 by1/rby1.py:813 [ramp] elapsed=16.09s progress=1.000 min_time=0.070s
DEBUG 2026-09-06 03:17:11 by1/rby1.py:663 [impedance] stiffness=[400.0, 400.0, 400.0, 400.0, 400.0, 400.0, 150.0, 150.0, 150.0, 150.0, 150.0, 150.0, 150.0, 150.0, 150.0, 150.0, 150.0, 150.0, 150.0, 150.0], torque_limit=[500.0, 500.0, 500.0, 500.0, 500.0, 500.0, 40.0, 40.0, 40.0, 40.0, 40.0, 40.0, 40.0, 40.0, 40.0, 40.0, 40.0, 40.0, 40.0, 40.0], damping=1.0
DEBUG 2026-09-06 03:17:11 /gripper.py:183 [Gripper] set_positions: normalized=[0.005 0.   ], target_rad=[4.0477 3.0081]
DEBUG 2026-09-06 03:17:11 _client.py:1428 Control loop (ms): 11.91
DEBUG 2026-09-06 03:17:12 by1/rby1.py:813 [ramp] elapsed=16.16s progress=1.000 min_time=0.070s
DEBUG 2026-09-06 03:17:12 by1/rby1.py:663 [impedance] stiffness=[400.0, 400.0, 400.0, 400.0, 400.0, 400.0, 150.0, 150.0, 150.0, 150.0, 150.0, 150.0, 150.0, 150.0, 150.0, 150.0, 150.0, 150.0, 150.0, 150.0], torque_limit=[500.0, 500.0, 500.0, 500.0, 500.0, 500.0, 40.0, 40.0, 40.0, 40.0, 40.0, 40.0, 40.0, 40.0, 40.0, 40.0, 40.0, 40.0, 40.0, 40.0], damping=1.0
DEBUG 2026-09-06 03:17:12 /gripper.py:183 [Gripper] set_positions: normalized=[0.008 0.   ], target_rad=[4.0589 3.0081]
DEBUG 2026-09-06 03:17:12 _client.py:1428 Control loop (ms): 12.10
DEBUG 2026-09-06 03:17:12 by1/rby1.py:813 [ramp] elapsed=16.22s progress=1.000 min_time=0.070s
DEBUG 2026-09-06 03:17:12 by1/rby1.py:663 [impedance] stiffness=[400.0, 400.0, 400.0, 400.0, 400.0, 400.0, 150.0, 150.0, 150.0, 150.0, 150.0, 150.0, 150.0, 150.0, 150.0, 150.0, 150.0, 150.0, 150.0, 150.0], torque_limit=[500.0, 500.0, 500.0, 500.0, 500.0, 500.0, 40.0, 40.0, 40.0, 40.0, 40.0, 40.0, 40.0, 40.0, 40.0, 40.0, 40.0, 40.0, 40.0, 40.0], damping=1.0
DEBUG 2026-09-06 03:17:12 /gripper.py:183 [Gripper] set_positions: normalized=[0.002 0.   ], target_rad=[4.0342 3.0081]
DEBUG 2026-09-06 03:17:12 _client.py:1428 Control loop (ms): 11.28
DEBUG 2026-09-06 03:17:12 by1/rby1.py:813 [ramp] elapsed=16.29s progress=1.000 min_time=0.070s
DEBUG 2026-09-06 03:17:12 by1/rby1.py:663 [impedance] stiffness=[400.0, 400.0, 400.0, 400.0, 400.0, 400.0, 150.0, 150.0, 150.0, 150.0, 150.0, 150.0, 150.0, 150.0, 150.0, 150.0, 150.0, 150.0, 150.0, 150.0], torque_limit=[500.0, 500.0, 500.0, 500.0, 500.0, 500.0, 40.0, 40.0, 40.0, 40.0, 40.0, 40.0, 40.0, 40.0, 40.0, 40.0, 40.0, 40.0, 40.0, 40.0], damping=1.0
DEBUG 2026-09-06 03:17:12 /gripper.py:183 [Gripper] set_positions: normalized=[0.002 0.   ], target_rad=[4.0322 3.0081]
DEBUG 2026-09-06 03:17:12 _client.py:1428 Control loop (ms): 13.76
DEBUG 2026-09-06 03:17:12 by1/rby1.py:813 [ramp] elapsed=16.36s progress=1.000 min_time=0.070s
DEBUG 2026-09-06 03:17:12 by1/rby1.py:663 [impedance] stiffness=[400.0, 400.0, 400.0, 400.0, 400.0, 400.0, 150.0, 150.0, 150.0, 150.0, 150.0, 150.0, 150.0, 150.0, 150.0, 150.0, 150.0, 150.0, 150.0, 150.0], torque_limit=[500.0, 500.0, 500.0, 500.0, 500.0, 500.0, 40.0, 40.0, 40.0, 40.0, 40.0, 40.0, 40.0, 40.0, 40.0, 40.0, 40.0, 40.0, 40.0, 40.0], damping=1.0
DEBUG 2026-09-06 03:17:12 /gripper.py:183 [Gripper] set_positions: normalized=[0.004 0.001], target_rad=[4.041  3.0124]
DEBUG 2026-09-06 03:17:12 _client.py:1428 Control loop (ms): 11.82
DEBUG 2026-09-06 03:17:12 by1/rby1.py:813 [ramp] elapsed=16.42s progress=1.000 min_time=0.070s
DEBUG 2026-09-06 03:17:12 by1/rby1.py:663 [impedance] stiffness=[400.0, 400.0, 400.0, 400.0, 400.0, 400.0, 150.0, 150.0, 150.0, 150.0, 150.0, 150.0, 150.0, 150.0, 150.0, 150.0, 150.0, 150.0, 150.0, 150.0], torque_limit=[500.0, 500.0, 500.0, 500.0, 500.0, 500.0, 40.0, 40.0, 40.0, 40.0, 40.0, 40.0, 40.0, 40.0, 40.0, 40.0, 40.0, 40.0, 40.0, 40.0], damping=1.0
DEBUG 2026-09-06 03:17:12 /gripper.py:183 [Gripper] set_positions: normalized=[0.003 0.001], target_rad=[4.0387 3.013 ]
DEBUG 2026-09-06 03:17:12 _client.py:1428 Control loop (ms): 11.03
DEBUG 2026-09-06 03:17:12 by1/rby1.py:813 [ramp] elapsed=16.49s progress=1.000 min_time=0.070s
DEBUG 2026-09-06 03:17:12 by1/rby1.py:663 [impedance] stiffness=[400.0, 400.0, 400.0, 400.0, 400.0, 400.0, 150.0, 150.0, 150.0, 150.0, 150.0, 150.0, 150.0, 150.0, 150.0, 150.0, 150.0, 150.0, 150.0, 150.0], torque_limit=[500.0, 500.0, 500.0, 500.0, 500.0, 500.0, 40.0, 40.0, 40.0, 40.0, 40.0, 40.0, 40.0, 40.0, 40.0, 40.0, 40.0, 40.0, 40.0, 40.0], damping=1.0
DEBUG 2026-09-06 03:17:12 /gripper.py:183 [Gripper] set_positions: normalized=[0.002 0.   ], target_rad=[4.0337 3.0081]
DEBUG 2026-09-06 03:17:12 _client.py:1428 Control loop (ms): 13.55
DEBUG 2026-09-06 03:17:12 by1/rby1.py:813 [ramp] elapsed=16.56s progress=1.000 min_time=0.070s
DEBUG 2026-09-06 03:17:12 by1/rby1.py:663 [impedance] stiffness=[400.0, 400.0, 400.0, 400.0, 400.0, 400.0, 150.0, 150.0, 150.0, 150.0, 150.0, 150.0, 150.0, 150.0, 150.0, 150.0, 150.0, 150.0, 150.0, 150.0], torque_limit=[500.0, 500.0, 500.0, 500.0, 500.0, 500.0, 40.0, 40.0, 40.0, 40.0, 40.0, 40.0, 40.0, 40.0, 40.0, 40.0, 40.0, 40.0, 40.0, 40.0], damping=1.0
DEBUG 2026-09-06 03:17:12 /gripper.py:183 [Gripper] set_positions: normalized=[0.005 0.   ], target_rad=[4.0462 3.0081]
DEBUG 2026-09-06 03:17:12 _client.py:1428 Control loop (ms): 12.35
DEBUG 2026-09-06 03:17:12 by1/rby1.py:813 [ramp] elapsed=16.62s progress=1.000 min_time=0.070s
DEBUG 2026-09-06 03:17:12 by1/rby1.py:663 [impedance] stiffness=[400.0, 400.0, 400.0, 400.0, 400.0, 400.0, 150.0, 150.0, 150.0, 150.0, 150.0, 150.0, 150.0, 150.0, 150.0, 150.0, 150.0, 150.0, 150.0, 150.0], torque_limit=[500.0, 500.0, 500.0, 500.0, 500.0, 500.0, 40.0, 40.0, 40.0, 40.0, 40.0, 40.0, 40.0, 40.0, 40.0, 40.0, 40.0, 40.0, 40.0, 40.0], damping=1.0
DEBUG 2026-09-06 03:17:12 /gripper.py:183 [Gripper] set_positions: normalized=[0. 0.], target_rad=[4.0236 3.0081]
DEBUG 2026-09-06 03:17:12 _client.py:1428 Control loop (ms): 10.74
DEBUG 2026-09-06 03:17:12 by1/rby1.py:813 [ramp] elapsed=16.69s progress=1.000 min_time=0.070s
DEBUG 2026-09-06 03:17:12 by1/rby1.py:663 [impedance] stiffness=[400.0, 400.0, 400.0, 400.0, 400.0, 400.0, 150.0, 150.0, 150.0, 150.0, 150.0, 150.0, 150.0, 150.0, 150.0, 150.0, 150.0, 150.0, 150.0, 150.0], torque_limit=[500.0, 500.0, 500.0, 500.0, 500.0, 500.0, 40.0, 40.0, 40.0, 40.0, 40.0, 40.0, 40.0, 40.0, 40.0, 40.0, 40.0, 40.0, 40.0, 40.0], damping=1.0
DEBUG 2026-09-06 03:17:12 /gripper.py:183 [Gripper] set_positions: normalized=[0.001 0.   ], target_rad=[4.0291 3.0081]
DEBUG 2026-09-06 03:17:12 _client.py:1428 Control loop (ms): 14.37
DEBUG 2026-09-06 03:17:12 by1/rby1.py:813 [ramp] elapsed=16.76s progress=1.000 min_time=0.070s
DEBUG 2026-09-06 03:17:12 by1/rby1.py:663 [impedance] stiffness=[400.0, 400.0, 400.0, 400.0, 400.0, 400.0, 150.0, 150.0, 150.0, 150.0, 150.0, 150.0, 150.0, 150.0, 150.0, 150.0, 150.0, 150.0, 150.0, 150.0], torque_limit=[500.0, 500.0, 500.0, 500.0, 500.0, 500.0, 40.0, 40.0, 40.0, 40.0, 40.0, 40.0, 40.0, 40.0, 40.0, 40.0, 40.0, 40.0, 40.0, 40.0], damping=1.0
DEBUG 2026-09-06 03:17:12 /gripper.py:183 [Gripper] set_positions: normalized=[0.003 0.   ], target_rad=[4.038  3.0081]
DEBUG 2026-09-06 03:17:12 _client.py:1428 Control loop (ms): 11.32
DEBUG 2026-09-06 03:17:12 by1/rby1.py:813 [ramp] elapsed=16.83s progress=1.000 min_time=0.070s
DEBUG 2026-09-06 03:17:12 by1/rby1.py:663 [impedance] stiffness=[400.0, 400.0, 400.0, 400.0, 400.0, 400.0, 150.0, 150.0, 150.0, 150.0, 150.0, 150.0, 150.0, 150.0, 150.0, 150.0, 150.0, 150.0, 150.0, 150.0], torque_limit=[500.0, 500.0, 500.0, 500.0, 500.0, 500.0, 40.0, 40.0, 40.0, 40.0, 40.0, 40.0, 40.0, 40.0, 40.0, 40.0, 40.0, 40.0, 40.0, 40.0], damping=1.0
DEBUG 2026-09-06 03:17:12 /gripper.py:183 [Gripper] set_positions: normalized=[0.002 0.   ], target_rad=[4.0323 3.0081]
DEBUG 2026-09-06 03:17:12 _client.py:1428 Control loop (ms): 10.53
DEBUG 2026-09-06 03:17:12 by1/rby1.py:813 [ramp] elapsed=16.89s progress=1.000 min_time=0.070s
DEBUG 2026-09-06 03:17:12 by1/rby1.py:663 [impedance] stiffness=[400.0, 400.0, 400.0, 400.0, 400.0, 400.0, 150.0, 150.0, 150.0, 150.0, 150.0, 150.0, 150.0, 150.0, 150.0, 150.0, 150.0, 150.0, 150.0, 150.0], torque_limit=[500.0, 500.0, 500.0, 500.0, 500.0, 500.0, 40.0, 40.0, 40.0, 40.0, 40.0, 40.0, 40.0, 40.0, 40.0, 40.0, 40.0, 40.0, 40.0, 40.0], damping=1.0
DEBUG 2026-09-06 03:17:12 /gripper.py:183 [Gripper] set_positions: normalized=[0.003 0.   ], target_rad=[4.0385 3.0081]
DEBUG 2026-09-06 03:17:12 _client.py:1428 Control loop (ms): 11.84
DEBUG 2026-09-06 03:17:12 by1/rby1.py:813 [ramp] elapsed=16.96s progress=1.000 min_time=0.070s
DEBUG 2026-09-06 03:17:12 by1/rby1.py:663 [impedance] stiffness=[400.0, 400.0, 400.0, 400.0, 400.0, 400.0, 150.0, 150.0, 150.0, 150.0, 150.0, 150.0, 150.0, 150.0, 150.0, 150.0, 150.0, 150.0, 150.0, 150.0], torque_limit=[500.0, 500.0, 500.0, 500.0, 500.0, 500.0, 40.0, 40.0, 40.0, 40.0, 40.0, 40.0, 40.0, 40.0, 40.0, 40.0, 40.0, 40.0, 40.0, 40.0], damping=1.0
DEBUG 2026-09-06 03:17:12 /gripper.py:183 [Gripper] set_positions: normalized=[0.005 0.   ], target_rad=[4.0438 3.0081]
DEBUG 2026-09-06 03:17:12 _client.py:1428 Control loop (ms): 10.71
DEBUG 2026-09-06 03:17:12 by1/rby1.py:813 [ramp] elapsed=17.03s progress=1.000 min_time=0.070s
DEBUG 2026-09-06 03:17:12 by1/rby1.py:663 [impedance] stiffness=[400.0, 400.0, 400.0, 400.0, 400.0, 400.0, 150.0, 150.0, 150.0, 150.0, 150.0, 150.0, 150.0, 150.0, 150.0, 150.0, 150.0, 150.0, 150.0, 150.0], torque_limit=[500.0, 500.0, 500.0, 500.0, 500.0, 500.0, 40.0, 40.0, 40.0, 40.0, 40.0, 40.0, 40.0, 40.0, 40.0, 40.0, 40.0, 40.0, 40.0, 40.0], damping=1.0
DEBUG 2026-09-06 03:17:12 /gripper.py:183 [Gripper] set_positions: normalized=[0.004 0.   ], target_rad=[4.0412 3.0081]
DEBUG 2026-09-06 03:17:12 _client.py:1428 Control loop (ms): 12.36
DEBUG 2026-09-06 03:17:12 by1/rby1.py:813 [ramp] elapsed=17.09s progress=1.000 min_time=0.070s
DEBUG 2026-09-06 03:17:12 by1/rby1.py:663 [impedance] stiffness=[400.0, 400.0, 400.0, 400.0, 400.0, 400.0, 150.0, 150.0, 150.0, 150.0, 150.0, 150.0, 150.0, 150.0, 150.0, 150.0, 150.0, 150.0, 150.0, 150.0], torque_limit=[500.0, 500.0, 500.0, 500.0, 500.0, 500.0, 40.0, 40.0, 40.0, 40.0, 40.0, 40.0, 40.0, 40.0, 40.0, 40.0, 40.0, 40.0, 40.0, 40.0], damping=1.0
DEBUG 2026-09-06 03:17:12 /gripper.py:183 [Gripper] set_positions: normalized=[0. 0.], target_rad=[4.0249 3.0081]
DEBUG 2026-09-06 03:17:12 _client.py:1428 Control loop (ms): 11.42
DEBUG 2026-09-06 03:17:13 by1/rby1.py:813 [ramp] elapsed=17.16s progress=1.000 min_time=0.070s
DEBUG 2026-09-06 03:17:13 by1/rby1.py:663 [impedance] stiffness=[400.0, 400.0, 400.0, 400.0, 400.0, 400.0, 150.0, 150.0, 150.0, 150.0, 150.0, 150.0, 150.0, 150.0, 150.0, 150.0, 150.0, 150.0, 150.0, 150.0], torque_limit=[500.0, 500.0, 500.0, 500.0, 500.0, 500.0, 40.0, 40.0, 40.0, 40.0, 40.0, 40.0, 40.0, 40.0, 40.0, 40.0, 40.0, 40.0, 40.0, 40.0], damping=1.0
DEBUG 2026-09-06 03:17:13 /gripper.py:183 [Gripper] set_positions: normalized=[0.004 0.   ], target_rad=[4.0416 3.0081]
DEBUG 2026-09-06 03:17:13 t_client.py:512 Image transport preprocessing: images=3 | resize=0.000ms | JPEG encode=15.361ms | total=15.554ms | original=2764800 bytes | transport=87877 bytes | compression=31.46x
DEBUG 2026-09-06 03:17:13 t_client.py:535 Observation serialization time: 0.000125s
DEBUG 2026-09-06 03:17:13 ort/utils.py:54 [CLIENT] Observation Buffer size 0.08462238311767578 MB with
DEBUG 2026-09-06 03:17:13 ort/utils.py:69 [CLIENT] Observation Sent 88733/88733 bytes with state 3
DEBUG 2026-09-06 03:17:13 ort/utils.py:71 [CLIENT] Observation Published 0.08462238311767578 MB
DEBUG 2026-09-06 03:17:13 t_client.py:546 Sent observation #264 | 
DEBUG 2026-09-06 03:17:13 _client.py:1073 QUEUE SIZE: 25 (Must go: True)
DEBUG 2026-09-06 03:17:13 _client.py:1428 Control loop (ms): 56.51
DEBUG 2026-09-06 03:17:13 by1/rby1.py:813 [ramp] elapsed=17.23s progress=1.000 min_time=0.070s
DEBUG 2026-09-06 03:17:13 by1/rby1.py:663 [impedance] stiffness=[400.0, 400.0, 400.0, 400.0, 400.0, 400.0, 150.0, 150.0, 150.0, 150.0, 150.0, 150.0, 150.0, 150.0, 150.0, 150.0, 150.0, 150.0, 150.0, 150.0], torque_limit=[500.0, 500.0, 500.0, 500.0, 500.0, 500.0, 40.0, 40.0, 40.0, 40.0, 40.0, 40.0, 40.0, 40.0, 40.0, 40.0, 40.0, 40.0, 40.0, 40.0], damping=1.0
DEBUG 2026-09-06 03:17:13 /gripper.py:183 [Gripper] set_positions: normalized=[0. 0.], target_rad=[4.0236 3.0081]
DEBUG 2026-09-06 03:17:13 _client.py:1428 Control loop (ms): 13.93
DEBUG 2026-09-06 03:17:13 by1/rby1.py:813 [ramp] elapsed=17.29s progress=1.000 min_time=0.070s
DEBUG 2026-09-06 03:17:13 by1/rby1.py:663 [impedance] stiffness=[400.0, 400.0, 400.0, 400.0, 400.0, 400.0, 150.0, 150.0, 150.0, 150.0, 150.0, 150.0, 150.0, 150.0, 150.0, 150.0, 150.0, 150.0, 150.0, 150.0], torque_limit=[500.0, 500.0, 500.0, 500.0, 500.0, 500.0, 40.0, 40.0, 40.0, 40.0, 40.0, 40.0, 40.0, 40.0, 40.0, 40.0, 40.0, 40.0, 40.0, 40.0], damping=1.0
DEBUG 2026-09-06 03:17:13 /gripper.py:183 [Gripper] set_positions: normalized=[0.002 0.   ], target_rad=[4.0309 3.0081]
DEBUG 2026-09-06 03:17:13 _client.py:1428 Control loop (ms): 13.33
DEBUG 2026-09-06 03:17:13 by1/rby1.py:813 [ramp] elapsed=17.36s progress=1.000 min_time=0.070s
DEBUG 2026-09-06 03:17:13 by1/rby1.py:663 [impedance] stiffness=[400.0, 400.0, 400.0, 400.0, 400.0, 400.0, 150.0, 150.0, 150.0, 150.0, 150.0, 150.0, 150.0, 150.0, 150.0, 150.0, 150.0, 150.0, 150.0, 150.0], torque_limit=[500.0, 500.0, 500.0, 500.0, 500.0, 500.0, 40.0, 40.0, 40.0, 40.0, 40.0, 40.0, 40.0, 40.0, 40.0, 40.0, 40.0, 40.0, 40.0, 40.0], damping=1.0
DEBUG 2026-09-06 03:17:13 /gripper.py:183 [Gripper] set_positions: normalized=[0. 0.], target_rad=[4.0254 3.0081]
DEBUG 2026-09-06 03:17:13 _client.py:1428 Control loop (ms): 12.24
DEBUG 2026-09-06 03:17:13 by1/rby1.py:813 [ramp] elapsed=17.43s progress=1.000 min_time=0.070s
DEBUG 2026-09-06 03:17:13 by1/rby1.py:663 [impedance] stiffness=[400.0, 400.0, 400.0, 400.0, 400.0, 400.0, 150.0, 150.0, 150.0, 150.0, 150.0, 150.0, 150.0, 150.0, 150.0, 150.0, 150.0, 150.0, 150.0, 150.0], torque_limit=[500.0, 500.0, 500.0, 500.0, 500.0, 500.0, 40.0, 40.0, 40.0, 40.0, 40.0, 40.0, 40.0, 40.0, 40.0, 40.0, 40.0, 40.0, 40.0, 40.0], damping=1.0
DEBUG 2026-09-06 03:17:13 /gripper.py:183 [Gripper] set_positions: normalized=[0. 0.], target_rad=[4.0236 3.0081]
DEBUG 2026-09-06 03:17:13 _client.py:1428 Control loop (ms): 13.64
DEBUG 2026-09-06 03:17:13 by1/rby1.py:813 [ramp] elapsed=17.49s progress=1.000 min_time=0.070s
DEBUG 2026-09-06 03:17:13 by1/rby1.py:663 [impedance] stiffness=[400.0, 400.0, 400.0, 400.0, 400.0, 400.0, 150.0, 150.0, 150.0, 150.0, 150.0, 150.0, 150.0, 150.0, 150.0, 150.0, 150.0, 150.0, 150.0, 150.0], torque_limit=[500.0, 500.0, 500.0, 500.0, 500.0, 500.0, 40.0, 40.0, 40.0, 40.0, 40.0, 40.0, 40.0, 40.0, 40.0, 40.0, 40.0, 40.0, 40.0, 40.0], damping=1.0
DEBUG 2026-09-06 03:17:13 /gripper.py:183 [Gripper] set_positions: normalized=[0. 0.], target_rad=[4.0236 3.0081]
DEBUG 2026-09-06 03:17:13 _client.py:1428 Control loop (ms): 18.85
DEBUG 2026-09-06 03:17:13 t_client.py:700 Received actions on device: cpu
DEBUG 2026-09-06 03:17:13 t_client.py:710 Actions kept on device: cpu
DEBUG 2026-09-06 03:17:13 _client.py:1428 Control loop (ms): 0.04
DEBUG 2026-09-06 03:17:13 by1/rby1.py:813 [ramp] elapsed=17.63s progress=1.000 min_time=0.070s
DEBUG 2026-09-06 03:17:13 by1/rby1.py:663 [impedance] stiffness=[400.0, 400.0, 400.0, 400.0, 400.0, 400.0, 150.0, 150.0, 150.0, 150.0, 150.0, 150.0, 150.0, 150.0, 150.0, 150.0, 150.0, 150.0, 150.0, 150.0], torque_limit=[500.0, 500.0, 500.0, 500.0, 500.0, 500.0, 40.0, 40.0, 40.0, 40.0, 40.0, 40.0, 40.0, 40.0, 40.0, 40.0, 40.0, 40.0, 40.0, 40.0], damping=1.0
DEBUG 2026-09-06 03:17:13 /gripper.py:183 [Gripper] set_positions: normalized=[0. 0.], target_rad=[4.0236 3.0081]
DEBUG 2026-09-06 03:17:13 _client.py:1428 Control loop (ms): 10.65
DEBUG 2026-09-06 03:17:13 by1/rby1.py:813 [ramp] elapsed=17.69s progress=1.000 min_time=0.070s
DEBUG 2026-09-06 03:17:13 by1/rby1.py:663 [impedance] stiffness=[400.0, 400.0, 400.0, 400.0, 400.0, 400.0, 150.0, 150.0, 150.0, 150.0, 150.0, 150.0, 150.0, 150.0, 150.0, 150.0, 150.0, 150.0, 150.0, 150.0], torque_limit=[500.0, 500.0, 500.0, 500.0, 500.0, 500.0, 40.0, 40.0, 40.0, 40.0, 40.0, 40.0, 40.0, 40.0, 40.0, 40.0, 40.0, 40.0, 40.0, 40.0], damping=1.0
DEBUG 2026-09-06 03:17:13 /gripper.py:183 [Gripper] set_positions: normalized=[0.    0.002], target_rad=[4.0236 3.0191]
DEBUG 2026-09-06 03:17:13 _client.py:1428 Control loop (ms): 11.71
DEBUG 2026-09-06 03:17:13 by1/rby1.py:813 [ramp] elapsed=17.76s progress=1.000 min_time=0.070s
DEBUG 2026-09-06 03:17:13 by1/rby1.py:663 [impedance] stiffness=[400.0, 400.0, 400.0, 400.0, 400.0, 400.0, 150.0, 150.0, 150.0, 150.0, 150.0, 150.0, 150.0, 150.0, 150.0, 150.0, 150.0, 150.0, 150.0, 150.0], torque_limit=[500.0, 500.0, 500.0, 500.0, 500.0, 500.0, 40.0, 40.0, 40.0, 40.0, 40.0, 40.0, 40.0, 40.0, 40.0, 40.0, 40.0, 40.0, 40.0, 40.0], damping=1.0
DEBUG 2026-09-06 03:17:13 /gripper.py:183 [Gripper] set_positions: normalized=[0. 0.], target_rad=[4.0236 3.0081]
DEBUG 2026-09-06 03:17:13 _client.py:1428 Control loop (ms): 11.69
DEBUG 2026-09-06 03:17:13 by1/rby1.py:813 [ramp] elapsed=17.83s progress=1.000 min_time=0.070s
DEBUG 2026-09-06 03:17:13 by1/rby1.py:663 [impedance] stiffness=[400.0, 400.0, 400.0, 400.0, 400.0, 400.0, 150.0, 150.0, 150.0, 150.0, 150.0, 150.0, 150.0, 150.0, 150.0, 150.0, 150.0, 150.0, 150.0, 150.0], torque_limit=[500.0, 500.0, 500.0, 500.0, 500.0, 500.0, 40.0, 40.0, 40.0, 40.0, 40.0, 40.0, 40.0, 40.0, 40.0, 40.0, 40.0, 40.0, 40.0, 40.0], damping=1.0
DEBUG 2026-09-06 03:17:13 /gripper.py:183 [Gripper] set_positions: normalized=[0. 0.], target_rad=[4.0236 3.0081]
DEBUG 2026-09-06 03:17:13 _client.py:1428 Control loop (ms): 10.50
DEBUG 2026-09-06 03:17:13 by1/rby1.py:813 [ramp] elapsed=17.89s progress=1.000 min_time=0.070s
DEBUG 2026-09-06 03:17:13 by1/rby1.py:663 [impedance] stiffness=[400.0, 400.0, 400.0, 400.0, 400.0, 400.0, 150.0, 150.0, 150.0, 150.0, 150.0, 150.0, 150.0, 150.0, 150.0, 150.0, 150.0, 150.0, 150.0, 150.0], torque_limit=[500.0, 500.0, 500.0, 500.0, 500.0, 500.0, 40.0, 40.0, 40.0, 40.0, 40.0, 40.0, 40.0, 40.0, 40.0, 40.0, 40.0, 40.0, 40.0, 40.0], damping=1.0
DEBUG 2026-09-06 03:17:13 /gripper.py:183 [Gripper] set_positions: normalized=[0.    0.001], target_rad=[4.0236 3.0113]
DEBUG 2026-09-06 03:17:13 _client.py:1428 Control loop (ms): 12.99
DEBUG 2026-09-06 03:17:13 by1/rby1.py:813 [ramp] elapsed=17.96s progress=1.000 min_time=0.070s
DEBUG 2026-09-06 03:17:13 by1/rby1.py:663 [impedance] stiffness=[400.0, 400.0, 400.0, 400.0, 400.0, 400.0, 150.0, 150.0, 150.0, 150.0, 150.0, 150.0, 150.0, 150.0, 150.0, 150.0, 150.0, 150.0, 150.0, 150.0], torque_limit=[500.0, 500.0, 500.0, 500.0, 500.0, 500.0, 40.0, 40.0, 40.0, 40.0, 40.0, 40.0, 40.0, 40.0, 40.0, 40.0, 40.0, 40.0, 40.0, 40.0], damping=1.0
DEBUG 2026-09-06 03:17:13 /gripper.py:183 [Gripper] set_positions: normalized=[0.002 0.001], target_rad=[4.0338 3.0144]
DEBUG 2026-09-06 03:17:13 _client.py:1428 Control loop (ms): 11.33
DEBUG 2026-09-06 03:17:13 by1/rby1.py:813 [ramp] elapsed=18.03s progress=1.000 min_time=0.070s
DEBUG 2026-09-06 03:17:13 by1/rby1.py:663 [impedance] stiffness=[400.0, 400.0, 400.0, 400.0, 400.0, 400.0, 150.0, 150.0, 150.0, 150.0, 150.0, 150.0, 150.0, 150.0, 150.0, 150.0, 150.0, 150.0, 150.0, 150.0], torque_limit=[500.0, 500.0, 500.0, 500.0, 500.0, 500.0, 40.0, 40.0, 40.0, 40.0, 40.0, 40.0, 40.0, 40.0, 40.0, 40.0, 40.0, 40.0, 40.0, 40.0], damping=1.0
DEBUG 2026-09-06 03:17:13 /gripper.py:183 [Gripper] set_positions: normalized=[0.002 0.   ], target_rad=[4.0316 3.0081]
DEBUG 2026-09-06 03:17:13 _client.py:1428 Control loop (ms): 13.57
DEBUG 2026-09-06 03:17:13 by1/rby1.py:813 [ramp] elapsed=18.09s progress=1.000 min_time=0.070s
DEBUG 2026-09-06 03:17:13 by1/rby1.py:663 [impedance] stiffness=[400.0, 400.0, 400.0, 400.0, 400.0, 400.0, 150.0, 150.0, 150.0, 150.0, 150.0, 150.0, 150.0, 150.0, 150.0, 150.0, 150.0, 150.0, 150.0, 150.0], torque_limit=[500.0, 500.0, 500.0, 500.0, 500.0, 500.0, 40.0, 40.0, 40.0, 40.0, 40.0, 40.0, 40.0, 40.0, 40.0, 40.0, 40.0, 40.0, 40.0, 40.0], damping=1.0
DEBUG 2026-09-06 03:17:13 /gripper.py:183 [Gripper] set_positions: normalized=[0.003 0.   ], target_rad=[4.0354 3.0081]
DEBUG 2026-09-06 03:17:13 _client.py:1428 Control loop (ms): 12.05
DEBUG 2026-09-06 03:17:14 by1/rby1.py:813 [ramp] elapsed=18.16s progress=1.000 min_time=0.070s
DEBUG 2026-09-06 03:17:14 by1/rby1.py:663 [impedance] stiffness=[400.0, 400.0, 400.0, 400.0, 400.0, 400.0, 150.0, 150.0, 150.0, 150.0, 150.0, 150.0, 150.0, 150.0, 150.0, 150.0, 150.0, 150.0, 150.0, 150.0], torque_limit=[500.0, 500.0, 500.0, 500.0, 500.0, 500.0, 40.0, 40.0, 40.0, 40.0, 40.0, 40.0, 40.0, 40.0, 40.0, 40.0, 40.0, 40.0, 40.0, 40.0], damping=1.0
DEBUG 2026-09-06 03:17:14 /gripper.py:183 [Gripper] set_positions: normalized=[0. 0.], target_rad=[4.0236 3.0081]
DEBUG 2026-09-06 03:17:14 _client.py:1428 Control loop (ms): 12.19
DEBUG 2026-09-06 03:17:14 by1/rby1.py:813 [ramp] elapsed=18.23s progress=1.000 min_time=0.070s
DEBUG 2026-09-06 03:17:14 by1/rby1.py:663 [impedance] stiffness=[400.0, 400.0, 400.0, 400.0, 400.0, 400.0, 150.0, 150.0, 150.0, 150.0, 150.0, 150.0, 150.0, 150.0, 150.0, 150.0, 150.0, 150.0, 150.0, 150.0], torque_limit=[500.0, 500.0, 500.0, 500.0, 500.0, 500.0, 40.0, 40.0, 40.0, 40.0, 40.0, 40.0, 40.0, 40.0, 40.0, 40.0, 40.0, 40.0, 40.0, 40.0], damping=1.0
DEBUG 2026-09-06 03:17:14 /gripper.py:183 [Gripper] set_positions: normalized=[0. 0.], target_rad=[4.0236 3.0081]
DEBUG 2026-09-06 03:17:14 _client.py:1428 Control loop (ms): 12.42
DEBUG 2026-09-06 03:17:14 by1/rby1.py:813 [ramp] elapsed=18.29s progress=1.000 min_time=0.070s
DEBUG 2026-09-06 03:17:14 by1/rby1.py:663 [impedance] stiffness=[400.0, 400.0, 400.0, 400.0, 400.0, 400.0, 150.0, 150.0, 150.0, 150.0, 150.0, 150.0, 150.0, 150.0, 150.0, 150.0, 150.0, 150.0, 150.0, 150.0], torque_limit=[500.0, 500.0, 500.0, 500.0, 500.0, 500.0, 40.0, 40.0, 40.0, 40.0, 40.0, 40.0, 40.0, 40.0, 40.0, 40.0, 40.0, 40.0, 40.0, 40.0], damping=1.0
DEBUG 2026-09-06 03:17:14 /gripper.py:183 [Gripper] set_positions: normalized=[0. 0.], target_rad=[4.0238 3.0081]
DEBUG 2026-09-06 03:17:14 _client.py:1428 Control loop (ms): 11.66
DEBUG 2026-09-06 03:17:14 by1/rby1.py:813 [ramp] elapsed=18.36s progress=1.000 min_time=0.070s
DEBUG 2026-09-06 03:17:14 by1/rby1.py:663 [impedance] stiffness=[400.0, 400.0, 400.0, 400.0, 400.0, 400.0, 150.0, 150.0, 150.0, 150.0, 150.0, 150.0, 150.0, 150.0, 150.0, 150.0, 150.0, 150.0, 150.0, 150.0], torque_limit=[500.0, 500.0, 500.0, 500.0, 500.0, 500.0, 40.0, 40.0, 40.0, 40.0, 40.0, 40.0, 40.0, 40.0, 40.0, 40.0, 40.0, 40.0, 40.0, 40.0], damping=1.0
DEBUG 2026-09-06 03:17:14 /gripper.py:183 [Gripper] set_positions: normalized=[0. 0.], target_rad=[4.0236 3.0081]
DEBUG 2026-09-06 03:17:14 _client.py:1428 Control loop (ms): 10.74
DEBUG 2026-09-06 03:17:14 by1/rby1.py:813 [ramp] elapsed=18.43s progress=1.000 min_time=0.070s
DEBUG 2026-09-06 03:17:14 by1/rby1.py:663 [impedance] stiffness=[400.0, 400.0, 400.0, 400.0, 400.0, 400.0, 150.0, 150.0, 150.0, 150.0, 150.0, 150.0, 150.0, 150.0, 150.0, 150.0, 150.0, 150.0, 150.0, 150.0], torque_limit=[500.0, 500.0, 500.0, 500.0, 500.0, 500.0, 40.0, 40.0, 40.0, 40.0, 40.0, 40.0, 40.0, 40.0, 40.0, 40.0, 40.0, 40.0, 40.0, 40.0], damping=1.0
DEBUG 2026-09-06 03:17:14 /gripper.py:183 [Gripper] set_positions: normalized=[0.001 0.   ], target_rad=[4.0268 3.0081]
DEBUG 2026-09-06 03:17:14 _client.py:1428 Control loop (ms): 12.24
DEBUG 2026-09-06 03:17:14 by1/rby1.py:813 [ramp] elapsed=18.49s progress=1.000 min_time=0.070s
DEBUG 2026-09-06 03:17:14 by1/rby1.py:663 [impedance] stiffness=[400.0, 400.0, 400.0, 400.0, 400.0, 400.0, 150.0, 150.0, 150.0, 150.0, 150.0, 150.0, 150.0, 150.0, 150.0, 150.0, 150.0, 150.0, 150.0, 150.0], torque_limit=[500.0, 500.0, 500.0, 500.0, 500.0, 500.0, 40.0, 40.0, 40.0, 40.0, 40.0, 40.0, 40.0, 40.0, 40.0, 40.0, 40.0, 40.0, 40.0, 40.0], damping=1.0
DEBUG 2026-09-06 03:17:14 /gripper.py:183 [Gripper] set_positions: normalized=[0.002 0.   ], target_rad=[4.0334 3.0081]
DEBUG 2026-09-06 03:17:14 _client.py:1428 Control loop (ms): 11.46
DEBUG 2026-09-06 03:17:14 by1/rby1.py:813 [ramp] elapsed=18.56s progress=1.000 min_time=0.070s
DEBUG 2026-09-06 03:17:14 by1/rby1.py:663 [impedance] stiffness=[400.0, 400.0, 400.0, 400.0, 400.0, 400.0, 150.0, 150.0, 150.0, 150.0, 150.0, 150.0, 150.0, 150.0, 150.0, 150.0, 150.0, 150.0, 150.0, 150.0], torque_limit=[500.0, 500.0, 500.0, 500.0, 500.0, 500.0, 40.0, 40.0, 40.0, 40.0, 40.0, 40.0, 40.0, 40.0, 40.0, 40.0, 40.0, 40.0, 40.0, 40.0], damping=1.0
DEBUG 2026-09-06 03:17:14 /gripper.py:183 [Gripper] set_positions: normalized=[0. 0.], target_rad=[4.0236 3.0081]
DEBUG 2026-09-06 03:17:14 _client.py:1428 Control loop (ms): 10.39
DEBUG 2026-09-06 03:17:14 by1/rby1.py:813 [ramp] elapsed=18.63s progress=1.000 min_time=0.070s
DEBUG 2026-09-06 03:17:14 by1/rby1.py:663 [impedance] stiffness=[400.0, 400.0, 400.0, 400.0, 400.0, 400.0, 150.0, 150.0, 150.0, 150.0, 150.0, 150.0, 150.0, 150.0, 150.0, 150.0, 150.0, 150.0, 150.0, 150.0], torque_limit=[500.0, 500.0, 500.0, 500.0, 500.0, 500.0, 40.0, 40.0, 40.0, 40.0, 40.0, 40.0, 40.0, 40.0, 40.0, 40.0, 40.0, 40.0, 40.0, 40.0], damping=1.0
DEBUG 2026-09-06 03:17:14 /gripper.py:183 [Gripper] set_positions: normalized=[0.002 0.   ], target_rad=[4.0344 3.0081]
DEBUG 2026-09-06 03:17:14 _client.py:1428 Control loop (ms): 11.95
INFO 2026-09-06 03:17:14 e_logger.py:199 [CAMERA_CAPTURE] stopped directory=logs/camera_capture/20260906_031622 saved_sets=12 dropped_sets=0
INFO 2026-09-06 03:17:14 1/gripper.py:84 Rby1Gripper disconnected.
